[     362ms] [ERROR] Failed to load resource: the server responded with a status of 404 (Not Found) @ http://localhost:5191/favicon.png:0
[     642ms] [INFO] Initializing AlacrittyTerminal @ http://localhost:5191/pkg/alacritty_web.js:1579
[     725ms] [INFO] Canvas2D renderer[0]: cell=8x17, dpr=1, canvas=461x231 @ http://localhost:5191/pkg/alacritty_web.js:1579
[     725ms] [INFO] Initial grid: 57x13 @ http://localhost:5191/pkg/alacritty_web.js:1579
[     727ms] [INFO] wgpu upgrade not requested, using Canvas 2D @ http://localhost:5191/pkg/alacritty_web.js:1579
[     727ms] [LOG] [DBG] created AlacrittyTerminal for: Demo Terminal @ http://localhost:5191/src/lib/components/AlacrittyTerminal.svelte:286
[     728ms] [LOG] [DBG] startReplay called for: Demo Terminal @ http://localhost:5191/src/routes/+page.svelte:67
[     728ms] [LOG] [DBG] runReplay target: Demo Terminal @ http://localhost:5191/src/routes/+page.svelte:76
[     728ms] [INFO] Initializing AlacrittyTerminal @ http://localhost:5191/pkg/alacritty_web.js:1579
[     728ms] [INFO] Canvas2D renderer[1]: cell=8x17, dpr=1, canvas=461x231 @ http://localhost:5191/pkg/alacritty_web.js:1579
[     729ms] [INFO] Initial grid: 57x13 @ http://localhost:5191/pkg/alacritty_web.js:1579
[     729ms] [INFO] wgpu upgrade not requested, using Canvas 2D @ http://localhost:5191/pkg/alacritty_web.js:1579
[     729ms] [LOG] [DBG] created AlacrittyTerminal for: WebSocket Terminal @ http://localhost:5191/src/lib/components/AlacrittyTerminal.svelte:286
[     730ms] [INFO] Initializing AlacrittyTerminal @ http://localhost:5191/pkg/alacritty_web.js:1579
[     730ms] [INFO] Canvas2D renderer[2]: cell=8x17, dpr=1, canvas=461x231 @ http://localhost:5191/pkg/alacritty_web.js:1579
[     731ms] [INFO] Initial grid: 57x13 @ http://localhost:5191/pkg/alacritty_web.js:1579
[     731ms] [INFO] wgpu upgrade not requested, using Canvas 2D @ http://localhost:5191/pkg/alacritty_web.js:1579
[     731ms] [LOG] [DBG] created AlacrittyTerminal for: WebContainer Terminal @ http://localhost:5191/src/lib/components/AlacrittyTerminal.svelte:286
[     746ms] [LOG] WebSocket connection opened @ :2
[    1247ms] [INFO] Terminal title: me@centurion:~ @ http://localhost:5191/pkg/alacritty_web.js:1579
[    6613ms] [WARNING] [Contextify] [WARNING] running source code in new context @ https://igikv8ex74pho2vhkgo28y3c873zlz-niol.w-corp-staticblitz.com/blitz.4c73681d.js:18
[    7956ms] [WARNING] The resource https://w-corp-staticblitz.com/fetch.worker.4c73681d.js was preloaded using link preload but not used within a few seconds from the window's load event. Please make sure it has an appropriate `as` value and it is preloaded intentionally. @ https://stackblitz.com/headless?version=1.6.1:0
[  220187ms] [INFO] Initializing AlacrittyTerminal @ http://localhost:5191/pkg/alacritty_web.js:1579
[  220189ms] [INFO] Canvas2D renderer[3]: cell=8x17, dpr=1, canvas=1148x574 @ http://localhost:5191/pkg/alacritty_web.js:1579
[  220189ms] [INFO] Initial grid: 143x33 @ http://localhost:5191/pkg/alacritty_web.js:1579
[  220190ms] [INFO] wgpu upgrade not requested, using Canvas 2D @ http://localhost:5191/pkg/alacritty_web.js:1579
[  220190ms] [LOG] [DBG] created AlacrittyTerminal for: Demo Terminal @ http://localhost:5191/src/lib/components/AlacrittyTerminal.svelte?t=1778835553859:286
[  220190ms] [LOG] [DBG] startReplay called for: Demo Terminal @ http://localhost:5191/src/routes/+page.svelte:67
[  220191ms] [LOG] [DBG] runReplay target: Demo Terminal @ http://localhost:5191/src/routes/+page.svelte:76
[  220191ms] [INFO] Initializing AlacrittyTerminal @ http://localhost:5191/pkg/alacritty_web.js:1579
[  220193ms] [INFO] Canvas2D renderer[4]: cell=8x17, dpr=1, canvas=1148x574 @ http://localhost:5191/pkg/alacritty_web.js:1579
[  220193ms] [INFO] Initial grid: 143x33 @ http://localhost:5191/pkg/alacritty_web.js:1579
[  220193ms] [INFO] wgpu upgrade not requested, using Canvas 2D @ http://localhost:5191/pkg/alacritty_web.js:1579
[  220193ms] [LOG] [DBG] created AlacrittyTerminal for: WebSocket Terminal @ http://localhost:5191/src/lib/components/AlacrittyTerminal.svelte?t=1778835553859:286
[  220194ms] [INFO] Initializing AlacrittyTerminal @ http://localhost:5191/pkg/alacritty_web.js:1579
[  220196ms] [INFO] Canvas2D renderer[5]: cell=8x17, dpr=1, canvas=1148x574 @ http://localhost:5191/pkg/alacritty_web.js:1579
[  220197ms] [INFO] Initial grid: 143x33 @ http://localhost:5191/pkg/alacritty_web.js:1579
[  220197ms] [INFO] wgpu upgrade not requested, using Canvas 2D @ http://localhost:5191/pkg/alacritty_web.js:1579
[  220197ms] [LOG] [DBG] created AlacrittyTerminal for: WebContainer Terminal @ http://localhost:5191/src/lib/components/AlacrittyTerminal.svelte?t=1778835553859:286
[  220203ms] [LOG] WebSocket connection opened @ :2
[  220203ms] [ERROR] WebContainer init failed: Error: Only a single WebContainer instance can be booted
    at _WebContainer.boot (http://localhost:5191/node_modules/.vite/deps/@webcontainer_api.js?v=5aa1923c:1075:13)
    at async Module.track_reactivity_loss (http://localhost:5191/node_modules/.vite/deps/chunk-OHEKCY32.js?v=5aa1923c:1675:15)
    at async initWebContainer (http://localhost:5191/src/routes/+page.svelte:106:16) @ http://localhost:5191/src/routes/+page.svelte:148
[  220445ms] TypeError: terminal.ws_ready_state is not a function
    at http://localhost:5191/src/lib/components/AlacrittyTerminal.svelte?t=1778835553859:334:28
[  220694ms] TypeError: terminal.ws_ready_state is not a function
    at http://localhost:5191/src/lib/components/AlacrittyTerminal.svelte?t=1778835553859:334:28
[  220702ms] [INFO] Terminal title: me@centurion:~ @ http://localhost:5191/pkg/alacritty_web.js:1579
[  220944ms] TypeError: terminal.ws_ready_state is not a function
    at http://localhost:5191/src/lib/components/AlacrittyTerminal.svelte?t=1778835553859:334:28
[  221194ms] TypeError: terminal.ws_ready_state is not a function
    at http://localhost:5191/src/lib/components/AlacrittyTerminal.svelte?t=1778835553859:334:28
[  221444ms] TypeError: terminal.ws_ready_state is not a function
    at http://localhost:5191/src/lib/components/AlacrittyTerminal.svelte?t=1778835553859:334:28
[  221694ms] TypeError: terminal.ws_ready_state is not a function
    at http://localhost:5191/src/lib/components/AlacrittyTerminal.svelte?t=1778835553859:334:28
[  221944ms] TypeError: terminal.ws_ready_state is not a function
    at http://localhost:5191/src/lib/components/AlacrittyTerminal.svelte?t=1778835553859:334:28
[  222194ms] TypeError: terminal.ws_ready_state is not a function
    at http://localhost:5191/src/lib/components/AlacrittyTerminal.svelte?t=1778835553859:334:28
[  222444ms] TypeError: terminal.ws_ready_state is not a function
    at http://localhost:5191/src/lib/components/AlacrittyTerminal.svelte?t=1778835553859:334:28
[  222694ms] TypeError: terminal.ws_ready_state is not a function
    at http://localhost:5191/src/lib/components/AlacrittyTerminal.svelte?t=1778835553859:334:28
[  222944ms] TypeError: terminal.ws_ready_state is not a function
    at http://localhost:5191/src/lib/components/AlacrittyTerminal.svelte?t=1778835553859:334:28
[  223194ms] TypeError: terminal.ws_ready_state is not a function
    at http://localhost:5191/src/lib/components/AlacrittyTerminal.svelte?t=1778835553859:334:28
[  223444ms] TypeError: terminal.ws_ready_state is not a function
    at http://localhost:5191/src/lib/components/AlacrittyTerminal.svelte?t=1778835553859:334:28
[  223694ms] TypeError: terminal.ws_ready_state is not a function
    at http://localhost:5191/src/lib/components/AlacrittyTerminal.svelte?t=1778835553859:334:28
[  223944ms] TypeError: terminal.ws_ready_state is not a function
    at http://localhost:5191/src/lib/components/AlacrittyTerminal.svelte?t=1778835553859:334:28
[  224194ms] TypeError: terminal.ws_ready_state is not a function
    at http://localhost:5191/src/lib/components/AlacrittyTerminal.svelte?t=1778835553859:334:28
[  224444ms] TypeError: terminal.ws_ready_state is not a function
    at http://localhost:5191/src/lib/components/AlacrittyTerminal.svelte?t=1778835553859:334:28
[  224694ms] TypeError: terminal.ws_ready_state is not a function
    at http://localhost:5191/src/lib/components/AlacrittyTerminal.svelte?t=1778835553859:334:28
[  224944ms] TypeError: terminal.ws_ready_state is not a function
    at http://localhost:5191/src/lib/components/AlacrittyTerminal.svelte?t=1778835553859:334:28
[  225194ms] TypeError: terminal.ws_ready_state is not a function
    at http://localhost:5191/src/lib/components/AlacrittyTerminal.svelte?t=1778835553859:334:28
[  225444ms] TypeError: terminal.ws_ready_state is not a function
    at http://localhost:5191/src/lib/components/AlacrittyTerminal.svelte?t=1778835553859:334:28
[  225694ms] TypeError: terminal.ws_ready_state is not a function
    at http://localhost:5191/src/lib/components/AlacrittyTerminal.svelte?t=1778835553859:334:28
[  225944ms] TypeError: terminal.ws_ready_state is not a function
    at http://localhost:5191/src/lib/components/AlacrittyTerminal.svelte?t=1778835553859:334:28
[  226194ms] TypeError: terminal.ws_ready_state is not a function
    at http://localhost:5191/src/lib/components/AlacrittyTerminal.svelte?t=1778835553859:334:28
[  226444ms] TypeError: terminal.ws_ready_state is not a function
    at http://localhost:5191/src/lib/components/AlacrittyTerminal.svelte?t=1778835553859:334:28
[  226694ms] TypeError: terminal.ws_ready_state is not a function
    at http://localhost:5191/src/lib/components/AlacrittyTerminal.svelte?t=1778835553859:334:28
[  226944ms] TypeError: terminal.ws_ready_state is not a function
    at http://localhost:5191/src/lib/components/AlacrittyTerminal.svelte?t=1778835553859:334:28
[  227194ms] TypeError: terminal.ws_ready_state is not a function
    at http://localhost:5191/src/lib/components/AlacrittyTerminal.svelte?t=1778835553859:334:28
[  227444ms] TypeError: terminal.ws_ready_state is not a function
    at http://localhost:5191/src/lib/components/AlacrittyTerminal.svelte?t=1778835553859:334:28
[  227694ms] TypeError: terminal.ws_ready_state is not a function
    at http://localhost:5191/src/lib/components/AlacrittyTerminal.svelte?t=1778835553859:334:28
[  227944ms] TypeError: terminal.ws_ready_state is not a function
    at http://localhost:5191/src/lib/components/AlacrittyTerminal.svelte?t=1778835553859:334:28
[  228194ms] TypeError: terminal.ws_ready_state is not a function
    at http://localhost:5191/src/lib/components/AlacrittyTerminal.svelte?t=1778835553859:334:28
[  228444ms] TypeError: terminal.ws_ready_state is not a function
    at http://localhost:5191/src/lib/components/AlacrittyTerminal.svelte?t=1778835553859:334:28
[  228694ms] TypeError: terminal.ws_ready_state is not a function
    at http://localhost:5191/src/lib/components/AlacrittyTerminal.svelte?t=1778835553859:334:28
[  228944ms] TypeError: terminal.ws_ready_state is not a function
    at http://localhost:5191/src/lib/components/AlacrittyTerminal.svelte?t=1778835553859:334:28
[  229194ms] TypeError: terminal.ws_ready_state is not a function
    at http://localhost:5191/src/lib/components/AlacrittyTerminal.svelte?t=1778835553859:334:28
[  229444ms] TypeError: terminal.ws_ready_state is not a function
    at http://localhost:5191/src/lib/components/AlacrittyTerminal.svelte?t=1778835553859:334:28
[  229694ms] TypeError: terminal.ws_ready_state is not a function
    at http://localhost:5191/src/lib/components/AlacrittyTerminal.svelte?t=1778835553859:334:28
[  229944ms] TypeError: terminal.ws_ready_state is not a function
    at http://localhost:5191/src/lib/components/AlacrittyTerminal.svelte?t=1778835553859:334:28
[  230194ms] TypeError: terminal.ws_ready_state is not a function
    at http://localhost:5191/src/lib/components/AlacrittyTerminal.svelte?t=1778835553859:334:28
[  230444ms] TypeError: terminal.ws_ready_state is not a function
    at http://localhost:5191/src/lib/components/AlacrittyTerminal.svelte?t=1778835553859:334:28
[  230694ms] TypeError: terminal.ws_ready_state is not a function
    at http://localhost:5191/src/lib/components/AlacrittyTerminal.svelte?t=1778835553859:334:28
[  230944ms] TypeError: terminal.ws_ready_state is not a function
    at http://localhost:5191/src/lib/components/AlacrittyTerminal.svelte?t=1778835553859:334:28
[  231194ms] TypeError: terminal.ws_ready_state is not a function
    at http://localhost:5191/src/lib/components/AlacrittyTerminal.svelte?t=1778835553859:334:28
[  231446ms] TypeError: terminal.ws_ready_state is not a function
    at http://localhost:5191/src/lib/components/AlacrittyTerminal.svelte?t=1778835553859:334:28
[  231694ms] TypeError: terminal.ws_ready_state is not a function
    at http://localhost:5191/src/lib/components/AlacrittyTerminal.svelte?t=1778835553859:334:28
[  231944ms] TypeError: terminal.ws_ready_state is not a function
    at http://localhost:5191/src/lib/components/AlacrittyTerminal.svelte?t=1778835553859:334:28
[  231960ms] [INFO] Initializing AlacrittyTerminal @ http://localhost:5191/pkg/alacritty_web.js:1579
[  231961ms] [INFO] Canvas2D renderer[6]: cell=8x17, dpr=1, canvas=1148x574 @ http://localhost:5191/pkg/alacritty_web.js:1579
[  231962ms] [INFO] Initial grid: 143x33 @ http://localhost:5191/pkg/alacritty_web.js:1579
[  231962ms] [INFO] wgpu upgrade not requested, using Canvas 2D @ http://localhost:5191/pkg/alacritty_web.js:1579
[  231962ms] [LOG] [DBG] created AlacrittyTerminal for: Demo Terminal @ http://localhost:5191/src/lib/components/AlacrittyTerminal.svelte?t=1778835565660:287
[  231962ms] [LOG] [DBG] startReplay called for: Demo Terminal @ http://localhost:5191/src/routes/+page.svelte:67
[  231962ms] [INFO] Initializing AlacrittyTerminal @ http://localhost:5191/pkg/alacritty_web.js:1579
[  231964ms] [INFO] Canvas2D renderer[7]: cell=8x17, dpr=1, canvas=1148x574 @ http://localhost:5191/pkg/alacritty_web.js:1579
[  231964ms] [INFO] Initial grid: 143x33 @ http://localhost:5191/pkg/alacritty_web.js:1579
[  231965ms] [INFO] wgpu upgrade not requested, using Canvas 2D @ http://localhost:5191/pkg/alacritty_web.js:1579
[  231965ms] [LOG] [DBG] created AlacrittyTerminal for: WebSocket Terminal @ http://localhost:5191/src/lib/components/AlacrittyTerminal.svelte?t=1778835565660:287
[  231965ms] [INFO] Initializing AlacrittyTerminal @ http://localhost:5191/pkg/alacritty_web.js:1579
[  231967ms] [INFO] Canvas2D renderer[8]: cell=8x17, dpr=1, canvas=1148x574 @ http://localhost:5191/pkg/alacritty_web.js:1579
[  231967ms] [INFO] Initial grid: 143x33 @ http://localhost:5191/pkg/alacritty_web.js:1579
[  231967ms] [INFO] wgpu upgrade not requested, using Canvas 2D @ http://localhost:5191/pkg/alacritty_web.js:1579
[  231967ms] [LOG] [DBG] created AlacrittyTerminal for: WebContainer Terminal @ http://localhost:5191/src/lib/components/AlacrittyTerminal.svelte?t=1778835565660:287
[  231968ms] [LOG] WebSocket connection opened @ :2
[  231968ms] [ERROR] WebContainer init failed: Error: Only a single WebContainer instance can be booted
    at _WebContainer.boot (http://localhost:5191/node_modules/.vite/deps/@webcontainer_api.js?v=5aa1923c:1075:13)
    at async Module.track_reactivity_loss (http://localhost:5191/node_modules/.vite/deps/chunk-OHEKCY32.js?v=5aa1923c:1675:15)
    at async initWebContainer (http://localhost:5191/src/routes/+page.svelte:106:16) @ http://localhost:5191/src/routes/+page.svelte:148
[  232097ms] Error: Attempt to use a moved value
    at AlacrittyTerminal.feed (http://localhost:5191/pkg/alacritty_web.js:647:40)
    at runReplay (http://localhost:5191/src/routes/+page.svelte:86:11)
    at async Module.track_reactivity_loss (http://localhost:5191/node_modules/.vite/deps/chunk-OHEKCY32.js?v=5aa1923c:1675:15)
    at async startReplay (http://localhost:5191/src/routes/+page.svelte:70:4)
[  232215ms] TypeError: terminal.ws_ready_state is not a function
    at http://localhost:5191/src/lib/components/AlacrittyTerminal.svelte?t=1778835565660:335:28
[  232465ms] TypeError: terminal.ws_ready_state is not a function
    at http://localhost:5191/src/lib/components/AlacrittyTerminal.svelte?t=1778835565660:335:28
[  232474ms] [INFO] Terminal title: me@centurion:~ @ http://localhost:5191/pkg/alacritty_web.js:1579
[  232715ms] TypeError: terminal.ws_ready_state is not a function
    at http://localhost:5191/src/lib/components/AlacrittyTerminal.svelte?t=1778835565660:335:28
[  232965ms] TypeError: terminal.ws_ready_state is not a function
    at http://localhost:5191/src/lib/components/AlacrittyTerminal.svelte?t=1778835565660:335:28
[  233215ms] TypeError: terminal.ws_ready_state is not a function
    at http://localhost:5191/src/lib/components/AlacrittyTerminal.svelte?t=1778835565660:335:28
[  233465ms] TypeError: terminal.ws_ready_state is not a function
    at http://localhost:5191/src/lib/components/AlacrittyTerminal.svelte?t=1778835565660:335:28
[  233715ms] TypeError: terminal.ws_ready_state is not a function
    at http://localhost:5191/src/lib/components/AlacrittyTerminal.svelte?t=1778835565660:335:28
[  233965ms] TypeError: terminal.ws_ready_state is not a function
    at http://localhost:5191/src/lib/components/AlacrittyTerminal.svelte?t=1778835565660:335:28
[  234215ms] TypeError: terminal.ws_ready_state is not a function
    at http://localhost:5191/src/lib/components/AlacrittyTerminal.svelte?t=1778835565660:335:28
[  234465ms] TypeError: terminal.ws_ready_state is not a function
    at http://localhost:5191/src/lib/components/AlacrittyTerminal.svelte?t=1778835565660:335:28
[  234715ms] TypeError: terminal.ws_ready_state is not a function
    at http://localhost:5191/src/lib/components/AlacrittyTerminal.svelte?t=1778835565660:335:28
[  234965ms] TypeError: terminal.ws_ready_state is not a function
    at http://localhost:5191/src/lib/components/AlacrittyTerminal.svelte?t=1778835565660:335:28
[  235215ms] TypeError: terminal.ws_ready_state is not a function
    at http://localhost:5191/src/lib/components/AlacrittyTerminal.svelte?t=1778835565660:335:28
[  235465ms] TypeError: terminal.ws_ready_state is not a function
    at http://localhost:5191/src/lib/components/AlacrittyTerminal.svelte?t=1778835565660:335:28
[  235715ms] TypeError: terminal.ws_ready_state is not a function
    at http://localhost:5191/src/lib/components/AlacrittyTerminal.svelte?t=1778835565660:335:28
[  235965ms] TypeError: terminal.ws_ready_state is not a function
    at http://localhost:5191/src/lib/components/AlacrittyTerminal.svelte?t=1778835565660:335:28
[  236215ms] TypeError: terminal.ws_ready_state is not a function
    at http://localhost:5191/src/lib/components/AlacrittyTerminal.svelte?t=1778835565660:335:28
[  236465ms] TypeError: terminal.ws_ready_state is not a function
    at http://localhost:5191/src/lib/components/AlacrittyTerminal.svelte?t=1778835565660:335:28
[  236715ms] TypeError: terminal.ws_ready_state is not a function
    at http://localhost:5191/src/lib/components/AlacrittyTerminal.svelte?t=1778835565660:335:28
[  236965ms] TypeError: terminal.ws_ready_state is not a function
    at http://localhost:5191/src/lib/components/AlacrittyTerminal.svelte?t=1778835565660:335:28
[  237215ms] TypeError: terminal.ws_ready_state is not a function
    at http://localhost:5191/src/lib/components/AlacrittyTerminal.svelte?t=1778835565660:335:28
[  237465ms] TypeError: terminal.ws_ready_state is not a function
    at http://localhost:5191/src/lib/components/AlacrittyTerminal.svelte?t=1778835565660:335:28
[  237715ms] TypeError: terminal.ws_ready_state is not a function
    at http://localhost:5191/src/lib/components/AlacrittyTerminal.svelte?t=1778835565660:335:28
[  237965ms] TypeError: terminal.ws_ready_state is not a function
    at http://localhost:5191/src/lib/components/AlacrittyTerminal.svelte?t=1778835565660:335:28
[  238215ms] TypeError: terminal.ws_ready_state is not a function
    at http://localhost:5191/src/lib/components/AlacrittyTerminal.svelte?t=1778835565660:335:28
[  238465ms] TypeError: terminal.ws_ready_state is not a function
    at http://localhost:5191/src/lib/components/AlacrittyTerminal.svelte?t=1778835565660:335:28
[  238715ms] TypeError: terminal.ws_ready_state is not a function
    at http://localhost:5191/src/lib/components/AlacrittyTerminal.svelte?t=1778835565660:335:28
[  238965ms] TypeError: terminal.ws_ready_state is not a function
    at http://localhost:5191/src/lib/components/AlacrittyTerminal.svelte?t=1778835565660:335:28
[  239215ms] TypeError: terminal.ws_ready_state is not a function
    at http://localhost:5191/src/lib/components/AlacrittyTerminal.svelte?t=1778835565660:335:28
[  239465ms] TypeError: terminal.ws_ready_state is not a function
    at http://localhost:5191/src/lib/components/AlacrittyTerminal.svelte?t=1778835565660:335:28
[  239715ms] TypeError: terminal.ws_ready_state is not a function
    at http://localhost:5191/src/lib/components/AlacrittyTerminal.svelte?t=1778835565660:335:28
[  239965ms] TypeError: terminal.ws_ready_state is not a function
    at http://localhost:5191/src/lib/components/AlacrittyTerminal.svelte?t=1778835565660:335:28
[  240215ms] TypeError: terminal.ws_ready_state is not a function
    at http://localhost:5191/src/lib/components/AlacrittyTerminal.svelte?t=1778835565660:335:28
[  240465ms] TypeError: terminal.ws_ready_state is not a function
    at http://localhost:5191/src/lib/components/AlacrittyTerminal.svelte?t=1778835565660:335:28
[  240715ms] TypeError: terminal.ws_ready_state is not a function
    at http://localhost:5191/src/lib/components/AlacrittyTerminal.svelte?t=1778835565660:335:28
[  240965ms] TypeError: terminal.ws_ready_state is not a function
    at http://localhost:5191/src/lib/components/AlacrittyTerminal.svelte?t=1778835565660:335:28
[  241215ms] TypeError: terminal.ws_ready_state is not a function
    at http://localhost:5191/src/lib/components/AlacrittyTerminal.svelte?t=1778835565660:335:28
[  241465ms] TypeError: terminal.ws_ready_state is not a function
    at http://localhost:5191/src/lib/components/AlacrittyTerminal.svelte?t=1778835565660:335:28
[  241716ms] TypeError: terminal.ws_ready_state is not a function
    at http://localhost:5191/src/lib/components/AlacrittyTerminal.svelte?t=1778835565660:335:28
[  241966ms] TypeError: terminal.ws_ready_state is not a function
    at http://localhost:5191/src/lib/components/AlacrittyTerminal.svelte?t=1778835565660:335:28
[  242215ms] TypeError: terminal.ws_ready_state is not a function
    at http://localhost:5191/src/lib/components/AlacrittyTerminal.svelte?t=1778835565660:335:28
[  242465ms] TypeError: terminal.ws_ready_state is not a function
    at http://localhost:5191/src/lib/components/AlacrittyTerminal.svelte?t=1778835565660:335:28
[  242716ms] TypeError: terminal.ws_ready_state is not a function
    at http://localhost:5191/src/lib/components/AlacrittyTerminal.svelte?t=1778835565660:335:28
[  242966ms] TypeError: terminal.ws_ready_state is not a function
    at http://localhost:5191/src/lib/components/AlacrittyTerminal.svelte?t=1778835565660:335:28
[  243215ms] TypeError: terminal.ws_ready_state is not a function
    at http://localhost:5191/src/lib/components/AlacrittyTerminal.svelte?t=1778835565660:335:28
[  243465ms] TypeError: terminal.ws_ready_state is not a function
    at http://localhost:5191/src/lib/components/AlacrittyTerminal.svelte?t=1778835565660:335:28
[  243715ms] TypeError: terminal.ws_ready_state is not a function
    at http://localhost:5191/src/lib/components/AlacrittyTerminal.svelte?t=1778835565660:335:28
[  243965ms] TypeError: terminal.ws_ready_state is not a function
    at http://localhost:5191/src/lib/components/AlacrittyTerminal.svelte?t=1778835565660:335:28
[  244215ms] TypeError: terminal.ws_ready_state is not a function
    at http://localhost:5191/src/lib/components/AlacrittyTerminal.svelte?t=1778835565660:335:28
[  244465ms] TypeError: terminal.ws_ready_state is not a function
    at http://localhost:5191/src/lib/components/AlacrittyTerminal.svelte?t=1778835565660:335:28
[  244716ms] TypeError: terminal.ws_ready_state is not a function
    at http://localhost:5191/src/lib/components/AlacrittyTerminal.svelte?t=1778835565660:335:28
[  244966ms] TypeError: terminal.ws_ready_state is not a function
    at http://localhost:5191/src/lib/components/AlacrittyTerminal.svelte?t=1778835565660:335:28
[  245215ms] TypeError: terminal.ws_ready_state is not a function
    at http://localhost:5191/src/lib/components/AlacrittyTerminal.svelte?t=1778835565660:335:28
[  245336ms] [INFO] Initializing AlacrittyTerminal @ http://localhost:5191/pkg/alacritty_web.js:1579
[  245338ms] [INFO] Canvas2D renderer[9]: cell=8x17, dpr=1, canvas=1148x574 @ http://localhost:5191/pkg/alacritty_web.js:1579
[  245338ms] [INFO] Initial grid: 143x33 @ http://localhost:5191/pkg/alacritty_web.js:1579
[  245339ms] [INFO] wgpu upgrade not requested, using Canvas 2D @ http://localhost:5191/pkg/alacritty_web.js:1579
[  245339ms] [LOG] [DBG] created AlacrittyTerminal for: Demo Terminal @ http://localhost:5191/src/lib/components/AlacrittyTerminal.svelte?t=1778835579042:287
[  245339ms] [LOG] [DBG] startReplay called for: Demo Terminal @ http://localhost:5191/src/routes/+page.svelte:67
[  245339ms] [INFO] Initializing AlacrittyTerminal @ http://localhost:5191/pkg/alacritty_web.js:1579
[  245341ms] [INFO] Canvas2D renderer[10]: cell=8x17, dpr=1, canvas=1148x574 @ http://localhost:5191/pkg/alacritty_web.js:1579
[  245341ms] [INFO] Initial grid: 143x33 @ http://localhost:5191/pkg/alacritty_web.js:1579
[  245342ms] [INFO] wgpu upgrade not requested, using Canvas 2D @ http://localhost:5191/pkg/alacritty_web.js:1579
[  245342ms] [LOG] [DBG] created AlacrittyTerminal for: WebSocket Terminal @ http://localhost:5191/src/lib/components/AlacrittyTerminal.svelte?t=1778835579042:287
[  245342ms] [INFO] Initializing AlacrittyTerminal @ http://localhost:5191/pkg/alacritty_web.js:1579
[  245344ms] [INFO] Canvas2D renderer[11]: cell=8x17, dpr=1, canvas=1148x574 @ http://localhost:5191/pkg/alacritty_web.js:1579
[  245344ms] [INFO] Initial grid: 143x33 @ http://localhost:5191/pkg/alacritty_web.js:1579
[  245344ms] [INFO] wgpu upgrade not requested, using Canvas 2D @ http://localhost:5191/pkg/alacritty_web.js:1579
[  245345ms] [LOG] [DBG] created AlacrittyTerminal for: WebContainer Terminal @ http://localhost:5191/src/lib/components/AlacrittyTerminal.svelte?t=1778835579042:287
[  245345ms] [ERROR] WebContainer init failed: Error: Only a single WebContainer instance can be booted
    at _WebContainer.boot (http://localhost:5191/node_modules/.vite/deps/@webcontainer_api.js?v=5aa1923c:1075:13)
    at async Module.track_reactivity_loss (http://localhost:5191/node_modules/.vite/deps/chunk-OHEKCY32.js?v=5aa1923c:1675:15)
    at async initWebContainer (http://localhost:5191/src/routes/+page.svelte:106:16) @ http://localhost:5191/src/routes/+page.svelte:148
[  245345ms] [LOG] WebSocket connection opened @ :2
[  245592ms] TypeError: terminal.ws_ready_state is not a function
    at http://localhost:5191/src/lib/components/AlacrittyTerminal.svelte?t=1778835579042:335:28
[  245842ms] TypeError: terminal.ws_ready_state is not a function
    at http://localhost:5191/src/lib/components/AlacrittyTerminal.svelte?t=1778835579042:335:28
[  245852ms] [INFO] Terminal title: me@centurion:~ @ http://localhost:5191/pkg/alacritty_web.js:1579
[  246093ms] TypeError: terminal.ws_ready_state is not a function
    at http://localhost:5191/src/lib/components/AlacrittyTerminal.svelte?t=1778835579042:335:28
[  246343ms] TypeError: terminal.ws_ready_state is not a function
    at http://localhost:5191/src/lib/components/AlacrittyTerminal.svelte?t=1778835579042:335:28
[  246592ms] TypeError: terminal.ws_ready_state is not a function
    at http://localhost:5191/src/lib/components/AlacrittyTerminal.svelte?t=1778835579042:335:28
[  246843ms] TypeError: terminal.ws_ready_state is not a function
    at http://localhost:5191/src/lib/components/AlacrittyTerminal.svelte?t=1778835579042:335:28
[  247092ms] TypeError: terminal.ws_ready_state is not a function
    at http://localhost:5191/src/lib/components/AlacrittyTerminal.svelte?t=1778835579042:335:28
[  247342ms] TypeError: terminal.ws_ready_state is not a function
    at http://localhost:5191/src/lib/components/AlacrittyTerminal.svelte?t=1778835579042:335:28
[  247592ms] TypeError: terminal.ws_ready_state is not a function
    at http://localhost:5191/src/lib/components/AlacrittyTerminal.svelte?t=1778835579042:335:28
[  247842ms] TypeError: terminal.ws_ready_state is not a function
    at http://localhost:5191/src/lib/components/AlacrittyTerminal.svelte?t=1778835579042:335:28
[  248092ms] TypeError: terminal.ws_ready_state is not a function
    at http://localhost:5191/src/lib/components/AlacrittyTerminal.svelte?t=1778835579042:335:28
[  248342ms] TypeError: terminal.ws_ready_state is not a function
    at http://localhost:5191/src/lib/components/AlacrittyTerminal.svelte?t=1778835579042:335:28
[  248592ms] TypeError: terminal.ws_ready_state is not a function
    at http://localhost:5191/src/lib/components/AlacrittyTerminal.svelte?t=1778835579042:335:28
[  248842ms] TypeError: terminal.ws_ready_state is not a function
    at http://localhost:5191/src/lib/components/AlacrittyTerminal.svelte?t=1778835579042:335:28
[  249093ms] TypeError: terminal.ws_ready_state is not a function
    at http://localhost:5191/src/lib/components/AlacrittyTerminal.svelte?t=1778835579042:335:28
[  249344ms] TypeError: terminal.ws_ready_state is not a function
    at http://localhost:5191/src/lib/components/AlacrittyTerminal.svelte?t=1778835579042:335:28
[  249592ms] TypeError: terminal.ws_ready_state is not a function
    at http://localhost:5191/src/lib/components/AlacrittyTerminal.svelte?t=1778835579042:335:28
[  249842ms] TypeError: terminal.ws_ready_state is not a function
    at http://localhost:5191/src/lib/components/AlacrittyTerminal.svelte?t=1778835579042:335:28
[  250093ms] TypeError: terminal.ws_ready_state is not a function
    at http://localhost:5191/src/lib/components/AlacrittyTerminal.svelte?t=1778835579042:335:28
[  250343ms] TypeError: terminal.ws_ready_state is not a function
    at http://localhost:5191/src/lib/components/AlacrittyTerminal.svelte?t=1778835579042:335:28
[  250592ms] TypeError: terminal.ws_ready_state is not a function
    at http://localhost:5191/src/lib/components/AlacrittyTerminal.svelte?t=1778835579042:335:28
[  250842ms] TypeError: terminal.ws_ready_state is not a function
    at http://localhost:5191/src/lib/components/AlacrittyTerminal.svelte?t=1778835579042:335:28
[  251092ms] TypeError: terminal.ws_ready_state is not a function
    at http://localhost:5191/src/lib/components/AlacrittyTerminal.svelte?t=1778835579042:335:28
[  251342ms] TypeError: terminal.ws_ready_state is not a function
    at http://localhost:5191/src/lib/components/AlacrittyTerminal.svelte?t=1778835579042:335:28
[  251593ms] TypeError: terminal.ws_ready_state is not a function
    at http://localhost:5191/src/lib/components/AlacrittyTerminal.svelte?t=1778835579042:335:28
[  251842ms] TypeError: terminal.ws_ready_state is not a function
    at http://localhost:5191/src/lib/components/AlacrittyTerminal.svelte?t=1778835579042:335:28
[  252092ms] TypeError: terminal.ws_ready_state is not a function
    at http://localhost:5191/src/lib/components/AlacrittyTerminal.svelte?t=1778835579042:335:28
[  252343ms] TypeError: terminal.ws_ready_state is not a function
    at http://localhost:5191/src/lib/components/AlacrittyTerminal.svelte?t=1778835579042:335:28
[  252592ms] TypeError: terminal.ws_ready_state is not a function
    at http://localhost:5191/src/lib/components/AlacrittyTerminal.svelte?t=1778835579042:335:28
[  252842ms] TypeError: terminal.ws_ready_state is not a function
    at http://localhost:5191/src/lib/components/AlacrittyTerminal.svelte?t=1778835579042:335:28
[  253093ms] TypeError: terminal.ws_ready_state is not a function
    at http://localhost:5191/src/lib/components/AlacrittyTerminal.svelte?t=1778835579042:335:28
[  253343ms] TypeError: terminal.ws_ready_state is not a function
    at http://localhost:5191/src/lib/components/AlacrittyTerminal.svelte?t=1778835579042:335:28
[  253593ms] TypeError: terminal.ws_ready_state is not a function
    at http://localhost:5191/src/lib/components/AlacrittyTerminal.svelte?t=1778835579042:335:28
[  253842ms] TypeError: terminal.ws_ready_state is not a function
    at http://localhost:5191/src/lib/components/AlacrittyTerminal.svelte?t=1778835579042:335:28
[  254093ms] TypeError: terminal.ws_ready_state is not a function
    at http://localhost:5191/src/lib/components/AlacrittyTerminal.svelte?t=1778835579042:335:28
[  254343ms] TypeError: terminal.ws_ready_state is not a function
    at http://localhost:5191/src/lib/components/AlacrittyTerminal.svelte?t=1778835579042:335:28
[  254593ms] TypeError: terminal.ws_ready_state is not a function
    at http://localhost:5191/src/lib/components/AlacrittyTerminal.svelte?t=1778835579042:335:28
[  254843ms] TypeError: terminal.ws_ready_state is not a function
    at http://localhost:5191/src/lib/components/AlacrittyTerminal.svelte?t=1778835579042:335:28
[  255092ms] TypeError: terminal.ws_ready_state is not a function
    at http://localhost:5191/src/lib/components/AlacrittyTerminal.svelte?t=1778835579042:335:28
[  255343ms] TypeError: terminal.ws_ready_state is not a function
    at http://localhost:5191/src/lib/components/AlacrittyTerminal.svelte?t=1778835579042:335:28
[  255593ms] TypeError: terminal.ws_ready_state is not a function
    at http://localhost:5191/src/lib/components/AlacrittyTerminal.svelte?t=1778835579042:335:28
[  255842ms] TypeError: terminal.ws_ready_state is not a function
    at http://localhost:5191/src/lib/components/AlacrittyTerminal.svelte?t=1778835579042:335:28
[  256092ms] TypeError: terminal.ws_ready_state is not a function
    at http://localhost:5191/src/lib/components/AlacrittyTerminal.svelte?t=1778835579042:335:28
[  256343ms] TypeError: terminal.ws_ready_state is not a function
    at http://localhost:5191/src/lib/components/AlacrittyTerminal.svelte?t=1778835579042:335:28
[  256593ms] TypeError: terminal.ws_ready_state is not a function
    at http://localhost:5191/src/lib/components/AlacrittyTerminal.svelte?t=1778835579042:335:28
[  256842ms] TypeError: terminal.ws_ready_state is not a function
    at http://localhost:5191/src/lib/components/AlacrittyTerminal.svelte?t=1778835579042:335:28
[  257092ms] TypeError: terminal.ws_ready_state is not a function
    at http://localhost:5191/src/lib/components/AlacrittyTerminal.svelte?t=1778835579042:335:28
[  257342ms] TypeError: terminal.ws_ready_state is not a function
    at http://localhost:5191/src/lib/components/AlacrittyTerminal.svelte?t=1778835579042:335:28
[  257592ms] TypeError: terminal.ws_ready_state is not a function
    at http://localhost:5191/src/lib/components/AlacrittyTerminal.svelte?t=1778835579042:335:28
[  257842ms] TypeError: terminal.ws_ready_state is not a function
    at http://localhost:5191/src/lib/components/AlacrittyTerminal.svelte?t=1778835579042:335:28
[  258092ms] TypeError: terminal.ws_ready_state is not a function
    at http://localhost:5191/src/lib/components/AlacrittyTerminal.svelte?t=1778835579042:335:28
[  258343ms] TypeError: terminal.ws_ready_state is not a function
    at http://localhost:5191/src/lib/components/AlacrittyTerminal.svelte?t=1778835579042:335:28
[  258592ms] TypeError: terminal.ws_ready_state is not a function
    at http://localhost:5191/src/lib/components/AlacrittyTerminal.svelte?t=1778835579042:335:28
[  258842ms] TypeError: terminal.ws_ready_state is not a function
    at http://localhost:5191/src/lib/components/AlacrittyTerminal.svelte?t=1778835579042:335:28
[  259093ms] TypeError: terminal.ws_ready_state is not a function
    at http://localhost:5191/src/lib/components/AlacrittyTerminal.svelte?t=1778835579042:335:28
[  259343ms] TypeError: terminal.ws_ready_state is not a function
    at http://localhost:5191/src/lib/components/AlacrittyTerminal.svelte?t=1778835579042:335:28
[  259592ms] TypeError: terminal.ws_ready_state is not a function
    at http://localhost:5191/src/lib/components/AlacrittyTerminal.svelte?t=1778835579042:335:28
[  259843ms] TypeError: terminal.ws_ready_state is not a function
    at http://localhost:5191/src/lib/components/AlacrittyTerminal.svelte?t=1778835579042:335:28
[  260092ms] TypeError: terminal.ws_ready_state is not a function
    at http://localhost:5191/src/lib/components/AlacrittyTerminal.svelte?t=1778835579042:335:28
[  260343ms] TypeError: terminal.ws_ready_state is not a function
    at http://localhost:5191/src/lib/components/AlacrittyTerminal.svelte?t=1778835579042:335:28
[  260592ms] TypeError: terminal.ws_ready_state is not a function
    at http://localhost:5191/src/lib/components/AlacrittyTerminal.svelte?t=1778835579042:335:28
[  260843ms] TypeError: terminal.ws_ready_state is not a function
    at http://localhost:5191/src/lib/components/AlacrittyTerminal.svelte?t=1778835579042:335:28
[  261093ms] TypeError: terminal.ws_ready_state is not a function
    at http://localhost:5191/src/lib/components/AlacrittyTerminal.svelte?t=1778835579042:335:28
[  261342ms] TypeError: terminal.ws_ready_state is not a function
    at http://localhost:5191/src/lib/components/AlacrittyTerminal.svelte?t=1778835579042:335:28
[  261593ms] TypeError: terminal.ws_ready_state is not a function
    at http://localhost:5191/src/lib/components/AlacrittyTerminal.svelte?t=1778835579042:335:28
[  261843ms] TypeError: terminal.ws_ready_state is not a function
    at http://localhost:5191/src/lib/components/AlacrittyTerminal.svelte?t=1778835579042:335:28
[  262093ms] TypeError: terminal.ws_ready_state is not a function
    at http://localhost:5191/src/lib/components/AlacrittyTerminal.svelte?t=1778835579042:335:28
[  262343ms] TypeError: terminal.ws_ready_state is not a function
    at http://localhost:5191/src/lib/components/AlacrittyTerminal.svelte?t=1778835579042:335:28
[  262592ms] TypeError: terminal.ws_ready_state is not a function
    at http://localhost:5191/src/lib/components/AlacrittyTerminal.svelte?t=1778835579042:335:28
[  262842ms] TypeError: terminal.ws_ready_state is not a function
    at http://localhost:5191/src/lib/components/AlacrittyTerminal.svelte?t=1778835579042:335:28
[  263092ms] TypeError: terminal.ws_ready_state is not a function
    at http://localhost:5191/src/lib/components/AlacrittyTerminal.svelte?t=1778835579042:335:28
[  263342ms] TypeError: terminal.ws_ready_state is not a function
    at http://localhost:5191/src/lib/components/AlacrittyTerminal.svelte?t=1778835579042:335:28
[  263593ms] TypeError: terminal.ws_ready_state is not a function
    at http://localhost:5191/src/lib/components/AlacrittyTerminal.svelte?t=1778835579042:335:28
[  263842ms] TypeError: terminal.ws_ready_state is not a function
    at http://localhost:5191/src/lib/components/AlacrittyTerminal.svelte?t=1778835579042:335:28
[  264092ms] TypeError: terminal.ws_ready_state is not a function
    at http://localhost:5191/src/lib/components/AlacrittyTerminal.svelte?t=1778835579042:335:28
[  264343ms] TypeError: terminal.ws_ready_state is not a function
    at http://localhost:5191/src/lib/components/AlacrittyTerminal.svelte?t=1778835579042:335:28
[  264593ms] TypeError: terminal.ws_ready_state is not a function
    at http://localhost:5191/src/lib/components/AlacrittyTerminal.svelte?t=1778835579042:335:28
[  264842ms] TypeError: terminal.ws_ready_state is not a function
    at http://localhost:5191/src/lib/components/AlacrittyTerminal.svelte?t=1778835579042:335:28
[  265092ms] TypeError: terminal.ws_ready_state is not a function
    at http://localhost:5191/src/lib/components/AlacrittyTerminal.svelte?t=1778835579042:335:28
[  265342ms] TypeError: terminal.ws_ready_state is not a function
    at http://localhost:5191/src/lib/components/AlacrittyTerminal.svelte?t=1778835579042:335:28
[  265592ms] TypeError: terminal.ws_ready_state is not a function
    at http://localhost:5191/src/lib/components/AlacrittyTerminal.svelte?t=1778835579042:335:28
[  265842ms] TypeError: terminal.ws_ready_state is not a function
    at http://localhost:5191/src/lib/components/AlacrittyTerminal.svelte?t=1778835579042:335:28
[  266093ms] TypeError: terminal.ws_ready_state is not a function
    at http://localhost:5191/src/lib/components/AlacrittyTerminal.svelte?t=1778835579042:335:28
[  266342ms] TypeError: terminal.ws_ready_state is not a function
    at http://localhost:5191/src/lib/components/AlacrittyTerminal.svelte?t=1778835579042:335:28
[  266592ms] TypeError: terminal.ws_ready_state is not a function
    at http://localhost:5191/src/lib/components/AlacrittyTerminal.svelte?t=1778835579042:335:28
[  266842ms] TypeError: terminal.ws_ready_state is not a function
    at http://localhost:5191/src/lib/components/AlacrittyTerminal.svelte?t=1778835579042:335:28
[  267092ms] TypeError: terminal.ws_ready_state is not a function
    at http://localhost:5191/src/lib/components/AlacrittyTerminal.svelte?t=1778835579042:335:28
[  267342ms] TypeError: terminal.ws_ready_state is not a function
    at http://localhost:5191/src/lib/components/AlacrittyTerminal.svelte?t=1778835579042:335:28
[  267592ms] TypeError: terminal.ws_ready_state is not a function
    at http://localhost:5191/src/lib/components/AlacrittyTerminal.svelte?t=1778835579042:335:28
[  267842ms] TypeError: terminal.ws_ready_state is not a function
    at http://localhost:5191/src/lib/components/AlacrittyTerminal.svelte?t=1778835579042:335:28
[  268093ms] TypeError: terminal.ws_ready_state is not a function
    at http://localhost:5191/src/lib/components/AlacrittyTerminal.svelte?t=1778835579042:335:28
[  268342ms] TypeError: terminal.ws_ready_state is not a function
    at http://localhost:5191/src/lib/components/AlacrittyTerminal.svelte?t=1778835579042:335:28
[  268592ms] TypeError: terminal.ws_ready_state is not a function
    at http://localhost:5191/src/lib/components/AlacrittyTerminal.svelte?t=1778835579042:335:28
[  268842ms] TypeError: terminal.ws_ready_state is not a function
    at http://localhost:5191/src/lib/components/AlacrittyTerminal.svelte?t=1778835579042:335:28
[  269093ms] TypeError: terminal.ws_ready_state is not a function
    at http://localhost:5191/src/lib/components/AlacrittyTerminal.svelte?t=1778835579042:335:28
[  269342ms] TypeError: terminal.ws_ready_state is not a function
    at http://localhost:5191/src/lib/components/AlacrittyTerminal.svelte?t=1778835579042:335:28
[  269592ms] TypeError: terminal.ws_ready_state is not a function
    at http://localhost:5191/src/lib/components/AlacrittyTerminal.svelte?t=1778835579042:335:28
[  269842ms] TypeError: terminal.ws_ready_state is not a function
    at http://localhost:5191/src/lib/components/AlacrittyTerminal.svelte?t=1778835579042:335:28
[  270092ms] TypeError: terminal.ws_ready_state is not a function
    at http://localhost:5191/src/lib/components/AlacrittyTerminal.svelte?t=1778835579042:335:28
[  270342ms] TypeError: terminal.ws_ready_state is not a function
    at http://localhost:5191/src/lib/components/AlacrittyTerminal.svelte?t=1778835579042:335:28
[  270592ms] TypeError: terminal.ws_ready_state is not a function
    at http://localhost:5191/src/lib/components/AlacrittyTerminal.svelte?t=1778835579042:335:28
[  270842ms] TypeError: terminal.ws_ready_state is not a function
    at http://localhost:5191/src/lib/components/AlacrittyTerminal.svelte?t=1778835579042:335:28
[  271093ms] TypeError: terminal.ws_ready_state is not a function
    at http://localhost:5191/src/lib/components/AlacrittyTerminal.svelte?t=1778835579042:335:28
[  271317ms] [INFO] Initializing AlacrittyTerminal @ http://localhost:5191/pkg/alacritty_web.js:1579
[  271320ms] [INFO] Canvas2D renderer[12]: cell=8x17, dpr=1, canvas=1148x574 @ http://localhost:5191/pkg/alacritty_web.js:1579
[  271320ms] [INFO] Initial grid: 143x33 @ http://localhost:5191/pkg/alacritty_web.js:1579
[  271321ms] [INFO] wgpu upgrade not requested, using Canvas 2D @ http://localhost:5191/pkg/alacritty_web.js:1579
[  271321ms] [LOG] [DBG] created AlacrittyTerminal for: Demo Terminal @ http://localhost:5191/src/lib/components/AlacrittyTerminal.svelte?t=1778835605021:296
[  271321ms] [LOG] [DBG] startReplay called for: Demo Terminal @ http://localhost:5191/src/routes/+page.svelte:67
[  271321ms] [INFO] Initializing AlacrittyTerminal @ http://localhost:5191/pkg/alacritty_web.js:1579
[  271322ms] [INFO] Canvas2D renderer[13]: cell=8x17, dpr=1, canvas=1148x574 @ http://localhost:5191/pkg/alacritty_web.js:1579
[  271323ms] [INFO] Initial grid: 143x33 @ http://localhost:5191/pkg/alacritty_web.js:1579
[  271323ms] [INFO] wgpu upgrade not requested, using Canvas 2D @ http://localhost:5191/pkg/alacritty_web.js:1579
[  271323ms] [LOG] [DBG] created AlacrittyTerminal for: WebSocket Terminal @ http://localhost:5191/src/lib/components/AlacrittyTerminal.svelte?t=1778835605021:296
[  271324ms] [INFO] Initializing AlacrittyTerminal @ http://localhost:5191/pkg/alacritty_web.js:1579
[  271325ms] [INFO] Canvas2D renderer[14]: cell=8x17, dpr=1, canvas=1148x574 @ http://localhost:5191/pkg/alacritty_web.js:1579
[  271326ms] [INFO] Initial grid: 143x33 @ http://localhost:5191/pkg/alacritty_web.js:1579
[  271326ms] [INFO] wgpu upgrade not requested, using Canvas 2D @ http://localhost:5191/pkg/alacritty_web.js:1579
[  271326ms] [LOG] [DBG] created AlacrittyTerminal for: WebContainer Terminal @ http://localhost:5191/src/lib/components/AlacrittyTerminal.svelte?t=1778835605021:296
[  271333ms] [LOG] WebSocket connection opened @ :2
[  271334ms] [ERROR] WebContainer init failed: Error: Only a single WebContainer instance can be booted
    at _WebContainer.boot (http://localhost:5191/node_modules/.vite/deps/@webcontainer_api.js?v=5aa1923c:1075:13)
    at async Module.track_reactivity_loss (http://localhost:5191/node_modules/.vite/deps/chunk-OHEKCY32.js?v=5aa1923c:1675:15)
    at async initWebContainer (http://localhost:5191/src/routes/+page.svelte:106:16) @ http://localhost:5191/src/routes/+page.svelte:148
[  271574ms] TypeError: terminal.ws_ready_state is not a function
    at http://localhost:5191/src/lib/components/AlacrittyTerminal.svelte?t=1778835605021:344:28
[  271824ms] TypeError: terminal.ws_ready_state is not a function
    at http://localhost:5191/src/lib/components/AlacrittyTerminal.svelte?t=1778835605021:344:28
[  271841ms] [INFO] Terminal title: me@centurion:~ @ http://localhost:5191/pkg/alacritty_web.js:1579
[  272074ms] TypeError: terminal.ws_ready_state is not a function
    at http://localhost:5191/src/lib/components/AlacrittyTerminal.svelte?t=1778835605021:344:28
[  272324ms] TypeError: terminal.ws_ready_state is not a function
    at http://localhost:5191/src/lib/components/AlacrittyTerminal.svelte?t=1778835605021:344:28
[  272574ms] TypeError: terminal.ws_ready_state is not a function
    at http://localhost:5191/src/lib/components/AlacrittyTerminal.svelte?t=1778835605021:344:28
[  272824ms] TypeError: terminal.ws_ready_state is not a function
    at http://localhost:5191/src/lib/components/AlacrittyTerminal.svelte?t=1778835605021:344:28
[  273074ms] TypeError: terminal.ws_ready_state is not a function
    at http://localhost:5191/src/lib/components/AlacrittyTerminal.svelte?t=1778835605021:344:28
[  273324ms] TypeError: terminal.ws_ready_state is not a function
    at http://localhost:5191/src/lib/components/AlacrittyTerminal.svelte?t=1778835605021:344:28
[  273574ms] TypeError: terminal.ws_ready_state is not a function
    at http://localhost:5191/src/lib/components/AlacrittyTerminal.svelte?t=1778835605021:344:28
[  273824ms] TypeError: terminal.ws_ready_state is not a function
    at http://localhost:5191/src/lib/components/AlacrittyTerminal.svelte?t=1778835605021:344:28
[  274074ms] TypeError: terminal.ws_ready_state is not a function
    at http://localhost:5191/src/lib/components/AlacrittyTerminal.svelte?t=1778835605021:344:28
[  274324ms] TypeError: terminal.ws_ready_state is not a function
    at http://localhost:5191/src/lib/components/AlacrittyTerminal.svelte?t=1778835605021:344:28
[  274574ms] TypeError: terminal.ws_ready_state is not a function
    at http://localhost:5191/src/lib/components/AlacrittyTerminal.svelte?t=1778835605021:344:28
[  274824ms] TypeError: terminal.ws_ready_state is not a function
    at http://localhost:5191/src/lib/components/AlacrittyTerminal.svelte?t=1778835605021:344:28
[  275074ms] TypeError: terminal.ws_ready_state is not a function
    at http://localhost:5191/src/lib/components/AlacrittyTerminal.svelte?t=1778835605021:344:28
[  275324ms] TypeError: terminal.ws_ready_state is not a function
    at http://localhost:5191/src/lib/components/AlacrittyTerminal.svelte?t=1778835605021:344:28
[  275574ms] TypeError: terminal.ws_ready_state is not a function
    at http://localhost:5191/src/lib/components/AlacrittyTerminal.svelte?t=1778835605021:344:28
[  275824ms] TypeError: terminal.ws_ready_state is not a function
    at http://localhost:5191/src/lib/components/AlacrittyTerminal.svelte?t=1778835605021:344:28
[  276074ms] TypeError: terminal.ws_ready_state is not a function
    at http://localhost:5191/src/lib/components/AlacrittyTerminal.svelte?t=1778835605021:344:28
[  276324ms] TypeError: terminal.ws_ready_state is not a function
    at http://localhost:5191/src/lib/components/AlacrittyTerminal.svelte?t=1778835605021:344:28
[  276574ms] TypeError: terminal.ws_ready_state is not a function
    at http://localhost:5191/src/lib/components/AlacrittyTerminal.svelte?t=1778835605021:344:28
[  276824ms] TypeError: terminal.ws_ready_state is not a function
    at http://localhost:5191/src/lib/components/AlacrittyTerminal.svelte?t=1778835605021:344:28
[  277074ms] TypeError: terminal.ws_ready_state is not a function
    at http://localhost:5191/src/lib/components/AlacrittyTerminal.svelte?t=1778835605021:344:28
[  277324ms] TypeError: terminal.ws_ready_state is not a function
    at http://localhost:5191/src/lib/components/AlacrittyTerminal.svelte?t=1778835605021:344:28
[  277574ms] TypeError: terminal.ws_ready_state is not a function
    at http://localhost:5191/src/lib/components/AlacrittyTerminal.svelte?t=1778835605021:344:28
[  277824ms] TypeError: terminal.ws_ready_state is not a function
    at http://localhost:5191/src/lib/components/AlacrittyTerminal.svelte?t=1778835605021:344:28
[  277968ms] [INFO] Initializing AlacrittyTerminal @ http://localhost:5191/pkg/alacritty_web.js:1579
[  277971ms] [INFO] Canvas2D renderer[15]: cell=8x17, dpr=1, canvas=1148x574 @ http://localhost:5191/pkg/alacritty_web.js:1579
[  277971ms] [INFO] Initial grid: 143x33 @ http://localhost:5191/pkg/alacritty_web.js:1579
[  277972ms] [INFO] wgpu upgrade not requested, using Canvas 2D @ http://localhost:5191/pkg/alacritty_web.js:1579
[  277972ms] [LOG] [DBG] created AlacrittyTerminal for: Demo Terminal @ http://localhost:5191/src/lib/components/AlacrittyTerminal.svelte?t=1778835611665:296
[  277972ms] [LOG] [DBG] startReplay called for: Demo Terminal @ http://localhost:5191/src/routes/+page.svelte:67
[  277972ms] [INFO] Initializing AlacrittyTerminal @ http://localhost:5191/pkg/alacritty_web.js:1579
[  277975ms] [INFO] Canvas2D renderer[16]: cell=8x17, dpr=1, canvas=1148x574 @ http://localhost:5191/pkg/alacritty_web.js:1579
[  277975ms] [INFO] Initial grid: 143x33 @ http://localhost:5191/pkg/alacritty_web.js:1579
[  277975ms] [INFO] wgpu upgrade not requested, using Canvas 2D @ http://localhost:5191/pkg/alacritty_web.js:1579
[  277975ms] [LOG] [DBG] created AlacrittyTerminal for: WebSocket Terminal @ http://localhost:5191/src/lib/components/AlacrittyTerminal.svelte?t=1778835611665:296
[  277975ms] [INFO] Initializing AlacrittyTerminal @ http://localhost:5191/pkg/alacritty_web.js:1579
[  277977ms] [INFO] Canvas2D renderer[17]: cell=8x17, dpr=1, canvas=1148x574 @ http://localhost:5191/pkg/alacritty_web.js:1579
[  277977ms] [INFO] Initial grid: 143x33 @ http://localhost:5191/pkg/alacritty_web.js:1579
[  277977ms] [INFO] wgpu upgrade not requested, using Canvas 2D @ http://localhost:5191/pkg/alacritty_web.js:1579
[  277977ms] [LOG] [DBG] created AlacrittyTerminal for: WebContainer Terminal @ http://localhost:5191/src/lib/components/AlacrittyTerminal.svelte?t=1778835611665:296
[  277977ms] [LOG] WebSocket connection opened @ :2
[  277978ms] [ERROR] WebContainer init failed: Error: Only a single WebContainer instance can be booted
    at _WebContainer.boot (http://localhost:5191/node_modules/.vite/deps/@webcontainer_api.js?v=5aa1923c:1075:13)
    at async Module.track_reactivity_loss (http://localhost:5191/node_modules/.vite/deps/chunk-OHEKCY32.js?v=5aa1923c:1675:15)
    at async initWebContainer (http://localhost:5191/src/routes/+page.svelte:106:16) @ http://localhost:5191/src/routes/+page.svelte:148
[  278226ms] TypeError: terminal.ws_ready_state is not a function
    at http://localhost:5191/src/lib/components/AlacrittyTerminal.svelte?t=1778835611665:344:28
[  278475ms] TypeError: terminal.ws_ready_state is not a function
    at http://localhost:5191/src/lib/components/AlacrittyTerminal.svelte?t=1778835611665:344:28
[  278480ms] [INFO] Terminal title: me@centurion:~ @ http://localhost:5191/pkg/alacritty_web.js:1579
[  278725ms] TypeError: terminal.ws_ready_state is not a function
    at http://localhost:5191/src/lib/components/AlacrittyTerminal.svelte?t=1778835611665:344:28
[  278975ms] TypeError: terminal.ws_ready_state is not a function
    at http://localhost:5191/src/lib/components/AlacrittyTerminal.svelte?t=1778835611665:344:28
[  279225ms] TypeError: terminal.ws_ready_state is not a function
    at http://localhost:5191/src/lib/components/AlacrittyTerminal.svelte?t=1778835611665:344:28
[  279476ms] TypeError: terminal.ws_ready_state is not a function
    at http://localhost:5191/src/lib/components/AlacrittyTerminal.svelte?t=1778835611665:344:28
[  279726ms] TypeError: terminal.ws_ready_state is not a function
    at http://localhost:5191/src/lib/components/AlacrittyTerminal.svelte?t=1778835611665:344:28
[  279976ms] TypeError: terminal.ws_ready_state is not a function
    at http://localhost:5191/src/lib/components/AlacrittyTerminal.svelte?t=1778835611665:344:28
[  280226ms] TypeError: terminal.ws_ready_state is not a function
    at http://localhost:5191/src/lib/components/AlacrittyTerminal.svelte?t=1778835611665:344:28
[  280476ms] TypeError: terminal.ws_ready_state is not a function
    at http://localhost:5191/src/lib/components/AlacrittyTerminal.svelte?t=1778835611665:344:28
[  280726ms] TypeError: terminal.ws_ready_state is not a function
    at http://localhost:5191/src/lib/components/AlacrittyTerminal.svelte?t=1778835611665:344:28
[  280976ms] TypeError: terminal.ws_ready_state is not a function
    at http://localhost:5191/src/lib/components/AlacrittyTerminal.svelte?t=1778835611665:344:28
[  281226ms] TypeError: terminal.ws_ready_state is not a function
    at http://localhost:5191/src/lib/components/AlacrittyTerminal.svelte?t=1778835611665:344:28
[  281476ms] TypeError: terminal.ws_ready_state is not a function
    at http://localhost:5191/src/lib/components/AlacrittyTerminal.svelte?t=1778835611665:344:28
[  281726ms] TypeError: terminal.ws_ready_state is not a function
    at http://localhost:5191/src/lib/components/AlacrittyTerminal.svelte?t=1778835611665:344:28
[  281975ms] TypeError: terminal.ws_ready_state is not a function
    at http://localhost:5191/src/lib/components/AlacrittyTerminal.svelte?t=1778835611665:344:28
[  282226ms] TypeError: terminal.ws_ready_state is not a function
    at http://localhost:5191/src/lib/components/AlacrittyTerminal.svelte?t=1778835611665:344:28
[  282476ms] TypeError: terminal.ws_ready_state is not a function
    at http://localhost:5191/src/lib/components/AlacrittyTerminal.svelte?t=1778835611665:344:28
[  282726ms] TypeError: terminal.ws_ready_state is not a function
    at http://localhost:5191/src/lib/components/AlacrittyTerminal.svelte?t=1778835611665:344:28
[  282976ms] TypeError: terminal.ws_ready_state is not a function
    at http://localhost:5191/src/lib/components/AlacrittyTerminal.svelte?t=1778835611665:344:28
[  283226ms] TypeError: terminal.ws_ready_state is not a function
    at http://localhost:5191/src/lib/components/AlacrittyTerminal.svelte?t=1778835611665:344:28
[  283475ms] TypeError: terminal.ws_ready_state is not a function
    at http://localhost:5191/src/lib/components/AlacrittyTerminal.svelte?t=1778835611665:344:28
[  283726ms] TypeError: terminal.ws_ready_state is not a function
    at http://localhost:5191/src/lib/components/AlacrittyTerminal.svelte?t=1778835611665:344:28
[  283976ms] TypeError: terminal.ws_ready_state is not a function
    at http://localhost:5191/src/lib/components/AlacrittyTerminal.svelte?t=1778835611665:344:28
[  284226ms] TypeError: terminal.ws_ready_state is not a function
    at http://localhost:5191/src/lib/components/AlacrittyTerminal.svelte?t=1778835611665:344:28
[  284476ms] TypeError: terminal.ws_ready_state is not a function
    at http://localhost:5191/src/lib/components/AlacrittyTerminal.svelte?t=1778835611665:344:28
[  284726ms] TypeError: terminal.ws_ready_state is not a function
    at http://localhost:5191/src/lib/components/AlacrittyTerminal.svelte?t=1778835611665:344:28
[  284831ms] [INFO] Initializing AlacrittyTerminal @ http://localhost:5191/pkg/alacritty_web.js:1579
[  284833ms] [INFO] Canvas2D renderer[18]: cell=8x17, dpr=1, canvas=1148x574 @ http://localhost:5191/pkg/alacritty_web.js:1579
[  284833ms] [INFO] Initial grid: 143x33 @ http://localhost:5191/pkg/alacritty_web.js:1579
[  284834ms] [INFO] wgpu upgrade not requested, using Canvas 2D @ http://localhost:5191/pkg/alacritty_web.js:1579
[  284834ms] [LOG] [DBG] created AlacrittyTerminal for: Demo Terminal @ http://localhost:5191/src/lib/components/AlacrittyTerminal.svelte?t=1778835618526:296
[  284834ms] [LOG] [DBG] startReplay called for: Demo Terminal @ http://localhost:5191/src/routes/+page.svelte:67
[  284834ms] [INFO] Initializing AlacrittyTerminal @ http://localhost:5191/pkg/alacritty_web.js:1579
[  284836ms] [INFO] Canvas2D renderer[19]: cell=8x17, dpr=1, canvas=1148x574 @ http://localhost:5191/pkg/alacritty_web.js:1579
[  284836ms] [INFO] Initial grid: 143x33 @ http://localhost:5191/pkg/alacritty_web.js:1579
[  284837ms] [INFO] wgpu upgrade not requested, using Canvas 2D @ http://localhost:5191/pkg/alacritty_web.js:1579
[  284837ms] [LOG] [DBG] created AlacrittyTerminal for: WebSocket Terminal @ http://localhost:5191/src/lib/components/AlacrittyTerminal.svelte?t=1778835618526:296
[  284837ms] [INFO] Initializing AlacrittyTerminal @ http://localhost:5191/pkg/alacritty_web.js:1579
[  284839ms] [INFO] Canvas2D renderer[20]: cell=8x17, dpr=1, canvas=1148x574 @ http://localhost:5191/pkg/alacritty_web.js:1579
[  284839ms] [INFO] Initial grid: 143x33 @ http://localhost:5191/pkg/alacritty_web.js:1579
[  284839ms] [INFO] wgpu upgrade not requested, using Canvas 2D @ http://localhost:5191/pkg/alacritty_web.js:1579
[  284840ms] [LOG] [DBG] created AlacrittyTerminal for: WebContainer Terminal @ http://localhost:5191/src/lib/components/AlacrittyTerminal.svelte?t=1778835618526:296
[  284845ms] [LOG] WebSocket connection opened @ :2
[  284845ms] [ERROR] WebContainer init failed: Error: Only a single WebContainer instance can be booted
    at _WebContainer.boot (http://localhost:5191/node_modules/.vite/deps/@webcontainer_api.js?v=5aa1923c:1075:13)
    at async Module.track_reactivity_loss (http://localhost:5191/node_modules/.vite/deps/chunk-OHEKCY32.js?v=5aa1923c:1675:15)
    at async initWebContainer (http://localhost:5191/src/routes/+page.svelte:106:16) @ http://localhost:5191/src/routes/+page.svelte:148
[  285087ms] TypeError: terminal.ws_ready_state is not a function
    at http://localhost:5191/src/lib/components/AlacrittyTerminal.svelte?t=1778835618526:344:28
[  285337ms] TypeError: terminal.ws_ready_state is not a function
    at http://localhost:5191/src/lib/components/AlacrittyTerminal.svelte?t=1778835618526:344:28
[  285352ms] [INFO] Terminal title: me@centurion:~ @ http://localhost:5191/pkg/alacritty_web.js:1579
[  285587ms] TypeError: terminal.ws_ready_state is not a function
    at http://localhost:5191/src/lib/components/AlacrittyTerminal.svelte?t=1778835618526:344:28
[  285837ms] TypeError: terminal.ws_ready_state is not a function
    at http://localhost:5191/src/lib/components/AlacrittyTerminal.svelte?t=1778835618526:344:28
[  286087ms] TypeError: terminal.ws_ready_state is not a function
    at http://localhost:5191/src/lib/components/AlacrittyTerminal.svelte?t=1778835618526:344:28
[  286337ms] TypeError: terminal.ws_ready_state is not a function
    at http://localhost:5191/src/lib/components/AlacrittyTerminal.svelte?t=1778835618526:344:28
[  286587ms] TypeError: terminal.ws_ready_state is not a function
    at http://localhost:5191/src/lib/components/AlacrittyTerminal.svelte?t=1778835618526:344:28
[  286837ms] TypeError: terminal.ws_ready_state is not a function
    at http://localhost:5191/src/lib/components/AlacrittyTerminal.svelte?t=1778835618526:344:28
[  287087ms] TypeError: terminal.ws_ready_state is not a function
    at http://localhost:5191/src/lib/components/AlacrittyTerminal.svelte?t=1778835618526:344:28
[  287337ms] TypeError: terminal.ws_ready_state is not a function
    at http://localhost:5191/src/lib/components/AlacrittyTerminal.svelte?t=1778835618526:344:28
[  287587ms] TypeError: terminal.ws_ready_state is not a function
    at http://localhost:5191/src/lib/components/AlacrittyTerminal.svelte?t=1778835618526:344:28
[  287838ms] TypeError: terminal.ws_ready_state is not a function
    at http://localhost:5191/src/lib/components/AlacrittyTerminal.svelte?t=1778835618526:344:28
[  288087ms] TypeError: terminal.ws_ready_state is not a function
    at http://localhost:5191/src/lib/components/AlacrittyTerminal.svelte?t=1778835618526:344:28
[  288337ms] TypeError: terminal.ws_ready_state is not a function
    at http://localhost:5191/src/lib/components/AlacrittyTerminal.svelte?t=1778835618526:344:28
[  288587ms] TypeError: terminal.ws_ready_state is not a function
    at http://localhost:5191/src/lib/components/AlacrittyTerminal.svelte?t=1778835618526:344:28
[  288837ms] TypeError: terminal.ws_ready_state is not a function
    at http://localhost:5191/src/lib/components/AlacrittyTerminal.svelte?t=1778835618526:344:28
[  289087ms] TypeError: terminal.ws_ready_state is not a function
    at http://localhost:5191/src/lib/components/AlacrittyTerminal.svelte?t=1778835618526:344:28
[  289337ms] TypeError: terminal.ws_ready_state is not a function
    at http://localhost:5191/src/lib/components/AlacrittyTerminal.svelte?t=1778835618526:344:28
[  289587ms] TypeError: terminal.ws_ready_state is not a function
    at http://localhost:5191/src/lib/components/AlacrittyTerminal.svelte?t=1778835618526:344:28
[  289837ms] TypeError: terminal.ws_ready_state is not a function
    at http://localhost:5191/src/lib/components/AlacrittyTerminal.svelte?t=1778835618526:344:28
[  290087ms] TypeError: terminal.ws_ready_state is not a function
    at http://localhost:5191/src/lib/components/AlacrittyTerminal.svelte?t=1778835618526:344:28
[  290337ms] TypeError: terminal.ws_ready_state is not a function
    at http://localhost:5191/src/lib/components/AlacrittyTerminal.svelte?t=1778835618526:344:28
[  290587ms] TypeError: terminal.ws_ready_state is not a function
    at http://localhost:5191/src/lib/components/AlacrittyTerminal.svelte?t=1778835618526:344:28
[  290837ms] TypeError: terminal.ws_ready_state is not a function
    at http://localhost:5191/src/lib/components/AlacrittyTerminal.svelte?t=1778835618526:344:28
[  291087ms] TypeError: terminal.ws_ready_state is not a function
    at http://localhost:5191/src/lib/components/AlacrittyTerminal.svelte?t=1778835618526:344:28
[  291337ms] TypeError: terminal.ws_ready_state is not a function
    at http://localhost:5191/src/lib/components/AlacrittyTerminal.svelte?t=1778835618526:344:28
[  291587ms] TypeError: terminal.ws_ready_state is not a function
    at http://localhost:5191/src/lib/components/AlacrittyTerminal.svelte?t=1778835618526:344:28
[  291837ms] TypeError: terminal.ws_ready_state is not a function
    at http://localhost:5191/src/lib/components/AlacrittyTerminal.svelte?t=1778835618526:344:28
[  292087ms] TypeError: terminal.ws_ready_state is not a function
    at http://localhost:5191/src/lib/components/AlacrittyTerminal.svelte?t=1778835618526:344:28
[  292337ms] TypeError: terminal.ws_ready_state is not a function
    at http://localhost:5191/src/lib/components/AlacrittyTerminal.svelte?t=1778835618526:344:28
[  292587ms] TypeError: terminal.ws_ready_state is not a function
    at http://localhost:5191/src/lib/components/AlacrittyTerminal.svelte?t=1778835618526:344:28
[  292837ms] TypeError: terminal.ws_ready_state is not a function
    at http://localhost:5191/src/lib/components/AlacrittyTerminal.svelte?t=1778835618526:344:28
[  293087ms] TypeError: terminal.ws_ready_state is not a function
    at http://localhost:5191/src/lib/components/AlacrittyTerminal.svelte?t=1778835618526:344:28
[  293337ms] TypeError: terminal.ws_ready_state is not a function
    at http://localhost:5191/src/lib/components/AlacrittyTerminal.svelte?t=1778835618526:344:28
[  293587ms] TypeError: terminal.ws_ready_state is not a function
    at http://localhost:5191/src/lib/components/AlacrittyTerminal.svelte?t=1778835618526:344:28
[  293837ms] TypeError: terminal.ws_ready_state is not a function
    at http://localhost:5191/src/lib/components/AlacrittyTerminal.svelte?t=1778835618526:344:28
[  294087ms] TypeError: terminal.ws_ready_state is not a function
    at http://localhost:5191/src/lib/components/AlacrittyTerminal.svelte?t=1778835618526:344:28
[  294337ms] TypeError: terminal.ws_ready_state is not a function
    at http://localhost:5191/src/lib/components/AlacrittyTerminal.svelte?t=1778835618526:344:28
[  294587ms] TypeError: terminal.ws_ready_state is not a function
    at http://localhost:5191/src/lib/components/AlacrittyTerminal.svelte?t=1778835618526:344:28
[  294837ms] TypeError: terminal.ws_ready_state is not a function
    at http://localhost:5191/src/lib/components/AlacrittyTerminal.svelte?t=1778835618526:344:28
[  295087ms] TypeError: terminal.ws_ready_state is not a function
    at http://localhost:5191/src/lib/components/AlacrittyTerminal.svelte?t=1778835618526:344:28
[  295337ms] TypeError: terminal.ws_ready_state is not a function
    at http://localhost:5191/src/lib/components/AlacrittyTerminal.svelte?t=1778835618526:344:28
[  295587ms] TypeError: terminal.ws_ready_state is not a function
    at http://localhost:5191/src/lib/components/AlacrittyTerminal.svelte?t=1778835618526:344:28
[  295837ms] TypeError: terminal.ws_ready_state is not a function
    at http://localhost:5191/src/lib/components/AlacrittyTerminal.svelte?t=1778835618526:344:28
[  296087ms] TypeError: terminal.ws_ready_state is not a function
    at http://localhost:5191/src/lib/components/AlacrittyTerminal.svelte?t=1778835618526:344:28
[  296337ms] TypeError: terminal.ws_ready_state is not a function
    at http://localhost:5191/src/lib/components/AlacrittyTerminal.svelte?t=1778835618526:344:28
[  296587ms] TypeError: terminal.ws_ready_state is not a function
    at http://localhost:5191/src/lib/components/AlacrittyTerminal.svelte?t=1778835618526:344:28
[  296837ms] TypeError: terminal.ws_ready_state is not a function
    at http://localhost:5191/src/lib/components/AlacrittyTerminal.svelte?t=1778835618526:344:28
[  297087ms] TypeError: terminal.ws_ready_state is not a function
    at http://localhost:5191/src/lib/components/AlacrittyTerminal.svelte?t=1778835618526:344:28
[  297337ms] TypeError: terminal.ws_ready_state is not a function
    at http://localhost:5191/src/lib/components/AlacrittyTerminal.svelte?t=1778835618526:344:28
[  297587ms] TypeError: terminal.ws_ready_state is not a function
    at http://localhost:5191/src/lib/components/AlacrittyTerminal.svelte?t=1778835618526:344:28
[  297837ms] TypeError: terminal.ws_ready_state is not a function
    at http://localhost:5191/src/lib/components/AlacrittyTerminal.svelte?t=1778835618526:344:28
[  298087ms] TypeError: terminal.ws_ready_state is not a function
    at http://localhost:5191/src/lib/components/AlacrittyTerminal.svelte?t=1778835618526:344:28
[  298337ms] TypeError: terminal.ws_ready_state is not a function
    at http://localhost:5191/src/lib/components/AlacrittyTerminal.svelte?t=1778835618526:344:28
[  298587ms] TypeError: terminal.ws_ready_state is not a function
    at http://localhost:5191/src/lib/components/AlacrittyTerminal.svelte?t=1778835618526:344:28
[  298837ms] TypeError: terminal.ws_ready_state is not a function
    at http://localhost:5191/src/lib/components/AlacrittyTerminal.svelte?t=1778835618526:344:28
[  299087ms] TypeError: terminal.ws_ready_state is not a function
    at http://localhost:5191/src/lib/components/AlacrittyTerminal.svelte?t=1778835618526:344:28
[  299337ms] TypeError: terminal.ws_ready_state is not a function
    at http://localhost:5191/src/lib/components/AlacrittyTerminal.svelte?t=1778835618526:344:28
[  299587ms] TypeError: terminal.ws_ready_state is not a function
    at http://localhost:5191/src/lib/components/AlacrittyTerminal.svelte?t=1778835618526:344:28
[  299837ms] TypeError: terminal.ws_ready_state is not a function
    at http://localhost:5191/src/lib/components/AlacrittyTerminal.svelte?t=1778835618526:344:28
[  300087ms] TypeError: terminal.ws_ready_state is not a function
    at http://localhost:5191/src/lib/components/AlacrittyTerminal.svelte?t=1778835618526:344:28
[  300337ms] TypeError: terminal.ws_ready_state is not a function
    at http://localhost:5191/src/lib/components/AlacrittyTerminal.svelte?t=1778835618526:344:28
[  300587ms] TypeError: terminal.ws_ready_state is not a function
    at http://localhost:5191/src/lib/components/AlacrittyTerminal.svelte?t=1778835618526:344:28
[  300837ms] TypeError: terminal.ws_ready_state is not a function
    at http://localhost:5191/src/lib/components/AlacrittyTerminal.svelte?t=1778835618526:344:28
[  301087ms] TypeError: terminal.ws_ready_state is not a function
    at http://localhost:5191/src/lib/components/AlacrittyTerminal.svelte?t=1778835618526:344:28
[  301337ms] TypeError: terminal.ws_ready_state is not a function
    at http://localhost:5191/src/lib/components/AlacrittyTerminal.svelte?t=1778835618526:344:28
[  301587ms] TypeError: terminal.ws_ready_state is not a function
    at http://localhost:5191/src/lib/components/AlacrittyTerminal.svelte?t=1778835618526:344:28
[  301658ms] [INFO] Initializing AlacrittyTerminal @ http://localhost:5191/pkg/alacritty_web.js:1579
[  301661ms] [INFO] Canvas2D renderer[21]: cell=8x17, dpr=1, canvas=1148x574 @ http://localhost:5191/pkg/alacritty_web.js:1579
[  301661ms] [INFO] Initial grid: 143x33 @ http://localhost:5191/pkg/alacritty_web.js:1579
[  301661ms] [INFO] wgpu upgrade not requested, using Canvas 2D @ http://localhost:5191/pkg/alacritty_web.js:1579
[  301661ms] [LOG] [DBG] created AlacrittyTerminal for: Demo Terminal @ http://localhost:5191/src/lib/components/AlacrittyTerminal.svelte?t=1778835635367:297
[  301661ms] [LOG] [DBG] startReplay called for: Demo Terminal @ http://localhost:5191/src/routes/+page.svelte:67
[  301661ms] [INFO] Initializing AlacrittyTerminal @ http://localhost:5191/pkg/alacritty_web.js:1579
[  301663ms] [INFO] Canvas2D renderer[22]: cell=8x17, dpr=1, canvas=1148x574 @ http://localhost:5191/pkg/alacritty_web.js:1579
[  301664ms] [INFO] Initial grid: 143x33 @ http://localhost:5191/pkg/alacritty_web.js:1579
[  301664ms] [INFO] wgpu upgrade not requested, using Canvas 2D @ http://localhost:5191/pkg/alacritty_web.js:1579
[  301664ms] [LOG] [DBG] created AlacrittyTerminal for: WebSocket Terminal @ http://localhost:5191/src/lib/components/AlacrittyTerminal.svelte?t=1778835635367:297
[  301664ms] [INFO] Initializing AlacrittyTerminal @ http://localhost:5191/pkg/alacritty_web.js:1579
[  301666ms] [INFO] Canvas2D renderer[23]: cell=8x17, dpr=1, canvas=1148x574 @ http://localhost:5191/pkg/alacritty_web.js:1579
[  301666ms] [INFO] Initial grid: 143x33 @ http://localhost:5191/pkg/alacritty_web.js:1579
[  301667ms] [INFO] wgpu upgrade not requested, using Canvas 2D @ http://localhost:5191/pkg/alacritty_web.js:1579
[  301667ms] [LOG] [DBG] created AlacrittyTerminal for: WebContainer Terminal @ http://localhost:5191/src/lib/components/AlacrittyTerminal.svelte?t=1778835635367:297
[  301673ms] [LOG] WebSocket connection opened @ :2
[  301673ms] [ERROR] WebContainer init failed: Error: Only a single WebContainer instance can be booted
    at _WebContainer.boot (http://localhost:5191/node_modules/.vite/deps/@webcontainer_api.js?v=5aa1923c:1075:13)
    at async Module.track_reactivity_loss (http://localhost:5191/node_modules/.vite/deps/chunk-OHEKCY32.js?v=5aa1923c:1675:15)
    at async initWebContainer (http://localhost:5191/src/routes/+page.svelte:106:16) @ http://localhost:5191/src/routes/+page.svelte:148
[  301915ms] TypeError: terminal.ws_ready_state is not a function
    at http://localhost:5191/src/lib/components/AlacrittyTerminal.svelte?t=1778835635367:345:28
[  302164ms] TypeError: terminal.ws_ready_state is not a function
    at http://localhost:5191/src/lib/components/AlacrittyTerminal.svelte?t=1778835635367:345:28
[  302183ms] [INFO] Terminal title: me@centurion:~ @ http://localhost:5191/pkg/alacritty_web.js:1579
[  302415ms] TypeError: terminal.ws_ready_state is not a function
    at http://localhost:5191/src/lib/components/AlacrittyTerminal.svelte?t=1778835635367:345:28
[  302664ms] TypeError: terminal.ws_ready_state is not a function
    at http://localhost:5191/src/lib/components/AlacrittyTerminal.svelte?t=1778835635367:345:28
[  302914ms] TypeError: terminal.ws_ready_state is not a function
    at http://localhost:5191/src/lib/components/AlacrittyTerminal.svelte?t=1778835635367:345:28
[  303164ms] TypeError: terminal.ws_ready_state is not a function
    at http://localhost:5191/src/lib/components/AlacrittyTerminal.svelte?t=1778835635367:345:28
[  303415ms] TypeError: terminal.ws_ready_state is not a function
    at http://localhost:5191/src/lib/components/AlacrittyTerminal.svelte?t=1778835635367:345:28
[  303665ms] TypeError: terminal.ws_ready_state is not a function
    at http://localhost:5191/src/lib/components/AlacrittyTerminal.svelte?t=1778835635367:345:28
[  303914ms] TypeError: terminal.ws_ready_state is not a function
    at http://localhost:5191/src/lib/components/AlacrittyTerminal.svelte?t=1778835635367:345:28
[  304165ms] TypeError: terminal.ws_ready_state is not a function
    at http://localhost:5191/src/lib/components/AlacrittyTerminal.svelte?t=1778835635367:345:28
[  304414ms] TypeError: terminal.ws_ready_state is not a function
    at http://localhost:5191/src/lib/components/AlacrittyTerminal.svelte?t=1778835635367:345:28
[  304665ms] TypeError: terminal.ws_ready_state is not a function
    at http://localhost:5191/src/lib/components/AlacrittyTerminal.svelte?t=1778835635367:345:28
[  304915ms] TypeError: terminal.ws_ready_state is not a function
    at http://localhost:5191/src/lib/components/AlacrittyTerminal.svelte?t=1778835635367:345:28
[  305165ms] TypeError: terminal.ws_ready_state is not a function
    at http://localhost:5191/src/lib/components/AlacrittyTerminal.svelte?t=1778835635367:345:28
[  305414ms] TypeError: terminal.ws_ready_state is not a function
    at http://localhost:5191/src/lib/components/AlacrittyTerminal.svelte?t=1778835635367:345:28
[  305665ms] TypeError: terminal.ws_ready_state is not a function
    at http://localhost:5191/src/lib/components/AlacrittyTerminal.svelte?t=1778835635367:345:28
[  305914ms] TypeError: terminal.ws_ready_state is not a function
    at http://localhost:5191/src/lib/components/AlacrittyTerminal.svelte?t=1778835635367:345:28
[  306165ms] TypeError: terminal.ws_ready_state is not a function
    at http://localhost:5191/src/lib/components/AlacrittyTerminal.svelte?t=1778835635367:345:28
[  306414ms] TypeError: terminal.ws_ready_state is not a function
    at http://localhost:5191/src/lib/components/AlacrittyTerminal.svelte?t=1778835635367:345:28
[  306664ms] TypeError: terminal.ws_ready_state is not a function
    at http://localhost:5191/src/lib/components/AlacrittyTerminal.svelte?t=1778835635367:345:28
[  306914ms] TypeError: terminal.ws_ready_state is not a function
    at http://localhost:5191/src/lib/components/AlacrittyTerminal.svelte?t=1778835635367:345:28
[  307165ms] TypeError: terminal.ws_ready_state is not a function
    at http://localhost:5191/src/lib/components/AlacrittyTerminal.svelte?t=1778835635367:345:28
[  307415ms] TypeError: terminal.ws_ready_state is not a function
    at http://localhost:5191/src/lib/components/AlacrittyTerminal.svelte?t=1778835635367:345:28
[  307474ms] [INFO] Initializing AlacrittyTerminal @ http://localhost:5191/pkg/alacritty_web.js:1579
[  307476ms] [INFO] Canvas2D renderer[24]: cell=8x17, dpr=1, canvas=1148x574 @ http://localhost:5191/pkg/alacritty_web.js:1579
[  307476ms] [INFO] Initial grid: 143x33 @ http://localhost:5191/pkg/alacritty_web.js:1579
[  307476ms] [INFO] wgpu upgrade not requested, using Canvas 2D @ http://localhost:5191/pkg/alacritty_web.js:1579
[  307476ms] [LOG] [DBG] created AlacrittyTerminal for: Demo Terminal @ http://localhost:5191/src/lib/components/AlacrittyTerminal.svelte?t=1778835641187:297
[  307477ms] [LOG] [DBG] startReplay called for: Demo Terminal @ http://localhost:5191/src/routes/+page.svelte:67
[  307477ms] [INFO] Initializing AlacrittyTerminal @ http://localhost:5191/pkg/alacritty_web.js:1579
[  307478ms] [INFO] Canvas2D renderer[25]: cell=8x17, dpr=1, canvas=1148x574 @ http://localhost:5191/pkg/alacritty_web.js:1579
[  307478ms] [INFO] Initial grid: 143x33 @ http://localhost:5191/pkg/alacritty_web.js:1579
[  307479ms] [INFO] wgpu upgrade not requested, using Canvas 2D @ http://localhost:5191/pkg/alacritty_web.js:1579
[  307479ms] [LOG] [DBG] created AlacrittyTerminal for: WebSocket Terminal @ http://localhost:5191/src/lib/components/AlacrittyTerminal.svelte?t=1778835641187:297
[  307479ms] [INFO] Initializing AlacrittyTerminal @ http://localhost:5191/pkg/alacritty_web.js:1579
[  307481ms] [INFO] Canvas2D renderer[26]: cell=8x17, dpr=1, canvas=1148x574 @ http://localhost:5191/pkg/alacritty_web.js:1579
[  307481ms] [INFO] Initial grid: 143x33 @ http://localhost:5191/pkg/alacritty_web.js:1579
[  307481ms] [INFO] wgpu upgrade not requested, using Canvas 2D @ http://localhost:5191/pkg/alacritty_web.js:1579
[  307482ms] [LOG] [DBG] created AlacrittyTerminal for: WebContainer Terminal @ http://localhost:5191/src/lib/components/AlacrittyTerminal.svelte?t=1778835641187:297
[  307482ms] [LOG] WebSocket connection opened @ :2
[  307482ms] [ERROR] WebContainer init failed: Error: Only a single WebContainer instance can be booted
    at _WebContainer.boot (http://localhost:5191/node_modules/.vite/deps/@webcontainer_api.js?v=5aa1923c:1075:13)
    at async Module.track_reactivity_loss (http://localhost:5191/node_modules/.vite/deps/chunk-OHEKCY32.js?v=5aa1923c:1675:15)
    at async initWebContainer (http://localhost:5191/src/routes/+page.svelte:106:16) @ http://localhost:5191/src/routes/+page.svelte:148
[  307730ms] TypeError: terminal.ws_ready_state is not a function
    at http://localhost:5191/src/lib/components/AlacrittyTerminal.svelte?t=1778835641187:343:28
[  307979ms] TypeError: terminal.ws_ready_state is not a function
    at http://localhost:5191/src/lib/components/AlacrittyTerminal.svelte?t=1778835641187:343:28
[  307988ms] [INFO] Terminal title: me@centurion:~ @ http://localhost:5191/pkg/alacritty_web.js:1579
[  308229ms] TypeError: terminal.ws_ready_state is not a function
    at http://localhost:5191/src/lib/components/AlacrittyTerminal.svelte?t=1778835641187:343:28
[  308479ms] TypeError: terminal.ws_ready_state is not a function
    at http://localhost:5191/src/lib/components/AlacrittyTerminal.svelte?t=1778835641187:343:28
[  308729ms] TypeError: terminal.ws_ready_state is not a function
    at http://localhost:5191/src/lib/components/AlacrittyTerminal.svelte?t=1778835641187:343:28
[  308979ms] TypeError: terminal.ws_ready_state is not a function
    at http://localhost:5191/src/lib/components/AlacrittyTerminal.svelte?t=1778835641187:343:28
[  309229ms] TypeError: terminal.ws_ready_state is not a function
    at http://localhost:5191/src/lib/components/AlacrittyTerminal.svelte?t=1778835641187:343:28
[  309480ms] TypeError: terminal.ws_ready_state is not a function
    at http://localhost:5191/src/lib/components/AlacrittyTerminal.svelte?t=1778835641187:343:28
[  309729ms] TypeError: terminal.ws_ready_state is not a function
    at http://localhost:5191/src/lib/components/AlacrittyTerminal.svelte?t=1778835641187:343:28
[  309979ms] TypeError: terminal.ws_ready_state is not a function
    at http://localhost:5191/src/lib/components/AlacrittyTerminal.svelte?t=1778835641187:343:28
[  310229ms] TypeError: terminal.ws_ready_state is not a function
    at http://localhost:5191/src/lib/components/AlacrittyTerminal.svelte?t=1778835641187:343:28
[  310479ms] TypeError: terminal.ws_ready_state is not a function
    at http://localhost:5191/src/lib/components/AlacrittyTerminal.svelte?t=1778835641187:343:28
[  310729ms] TypeError: terminal.ws_ready_state is not a function
    at http://localhost:5191/src/lib/components/AlacrittyTerminal.svelte?t=1778835641187:343:28
[  310979ms] TypeError: terminal.ws_ready_state is not a function
    at http://localhost:5191/src/lib/components/AlacrittyTerminal.svelte?t=1778835641187:343:28
[  311229ms] TypeError: terminal.ws_ready_state is not a function
    at http://localhost:5191/src/lib/components/AlacrittyTerminal.svelte?t=1778835641187:343:28
[  311479ms] TypeError: terminal.ws_ready_state is not a function
    at http://localhost:5191/src/lib/components/AlacrittyTerminal.svelte?t=1778835641187:343:28
[  311729ms] TypeError: terminal.ws_ready_state is not a function
    at http://localhost:5191/src/lib/components/AlacrittyTerminal.svelte?t=1778835641187:343:28
[  311979ms] TypeError: terminal.ws_ready_state is not a function
    at http://localhost:5191/src/lib/components/AlacrittyTerminal.svelte?t=1778835641187:343:28
[  312229ms] TypeError: terminal.ws_ready_state is not a function
    at http://localhost:5191/src/lib/components/AlacrittyTerminal.svelte?t=1778835641187:343:28
[  312479ms] TypeError: terminal.ws_ready_state is not a function
    at http://localhost:5191/src/lib/components/AlacrittyTerminal.svelte?t=1778835641187:343:28
[  312729ms] TypeError: terminal.ws_ready_state is not a function
    at http://localhost:5191/src/lib/components/AlacrittyTerminal.svelte?t=1778835641187:343:28
[  312980ms] TypeError: terminal.ws_ready_state is not a function
    at http://localhost:5191/src/lib/components/AlacrittyTerminal.svelte?t=1778835641187:343:28
[  313229ms] TypeError: terminal.ws_ready_state is not a function
    at http://localhost:5191/src/lib/components/AlacrittyTerminal.svelte?t=1778835641187:343:28
[  313480ms] TypeError: terminal.ws_ready_state is not a function
    at http://localhost:5191/src/lib/components/AlacrittyTerminal.svelte?t=1778835641187:343:28
[  313730ms] TypeError: terminal.ws_ready_state is not a function
    at http://localhost:5191/src/lib/components/AlacrittyTerminal.svelte?t=1778835641187:343:28
[  313979ms] TypeError: terminal.ws_ready_state is not a function
    at http://localhost:5191/src/lib/components/AlacrittyTerminal.svelte?t=1778835641187:343:28
[  314229ms] TypeError: terminal.ws_ready_state is not a function
    at http://localhost:5191/src/lib/components/AlacrittyTerminal.svelte?t=1778835641187:343:28
[  314328ms] [INFO] Initializing AlacrittyTerminal @ http://localhost:5191/pkg/alacritty_web.js:1579
[  314332ms] [INFO] Canvas2D renderer[27]: cell=8x17, dpr=1, canvas=1148x574 @ http://localhost:5191/pkg/alacritty_web.js:1579
[  314332ms] [INFO] Initial grid: 143x33 @ http://localhost:5191/pkg/alacritty_web.js:1579
[  314333ms] [INFO] wgpu upgrade not requested, using Canvas 2D @ http://localhost:5191/pkg/alacritty_web.js:1579
[  314333ms] [LOG] [DBG] created AlacrittyTerminal for: Demo Terminal @ http://localhost:5191/src/lib/components/AlacrittyTerminal.svelte?t=1778835648042:297
[  314333ms] [LOG] [DBG] startReplay called for: Demo Terminal @ http://localhost:5191/src/routes/+page.svelte:67
[  314333ms] [INFO] Initializing AlacrittyTerminal @ http://localhost:5191/pkg/alacritty_web.js:1579
[  314335ms] [INFO] Canvas2D renderer[28]: cell=8x17, dpr=1, canvas=1148x574 @ http://localhost:5191/pkg/alacritty_web.js:1579
[  314335ms] [INFO] Initial grid: 143x33 @ http://localhost:5191/pkg/alacritty_web.js:1579
[  314336ms] [INFO] wgpu upgrade not requested, using Canvas 2D @ http://localhost:5191/pkg/alacritty_web.js:1579
[  314336ms] [LOG] [DBG] created AlacrittyTerminal for: WebSocket Terminal @ http://localhost:5191/src/lib/components/AlacrittyTerminal.svelte?t=1778835648042:297
[  314337ms] [INFO] Initializing AlacrittyTerminal @ http://localhost:5191/pkg/alacritty_web.js:1579
[  314338ms] [INFO] Canvas2D renderer[29]: cell=8x17, dpr=1, canvas=1148x574 @ http://localhost:5191/pkg/alacritty_web.js:1579
[  314339ms] [INFO] Initial grid: 143x33 @ http://localhost:5191/pkg/alacritty_web.js:1579
[  314339ms] [INFO] wgpu upgrade not requested, using Canvas 2D @ http://localhost:5191/pkg/alacritty_web.js:1579
[  314339ms] [LOG] [DBG] created AlacrittyTerminal for: WebContainer Terminal @ http://localhost:5191/src/lib/components/AlacrittyTerminal.svelte?t=1778835648042:297
[  314342ms] [LOG] WebSocket connection opened @ :2
[  314343ms] [ERROR] WebContainer init failed: Error: Only a single WebContainer instance can be booted
    at _WebContainer.boot (http://localhost:5191/node_modules/.vite/deps/@webcontainer_api.js?v=5aa1923c:1075:13)
    at async Module.track_reactivity_loss (http://localhost:5191/node_modules/.vite/deps/chunk-OHEKCY32.js?v=5aa1923c:1675:15)
    at async initWebContainer (http://localhost:5191/src/routes/+page.svelte:106:16) @ http://localhost:5191/src/routes/+page.svelte:148
[  314587ms] TypeError: terminal.ws_ready_state is not a function
    at http://localhost:5191/src/lib/components/AlacrittyTerminal.svelte?t=1778835648042:343:28
[  314837ms] TypeError: terminal.ws_ready_state is not a function
    at http://localhost:5191/src/lib/components/AlacrittyTerminal.svelte?t=1778835648042:343:28
[  314861ms] [INFO] Terminal title: me@centurion:~ @ http://localhost:5191/pkg/alacritty_web.js:1579
[  315087ms] TypeError: terminal.ws_ready_state is not a function
    at http://localhost:5191/src/lib/components/AlacrittyTerminal.svelte?t=1778835648042:343:28
[  315337ms] TypeError: terminal.ws_ready_state is not a function
    at http://localhost:5191/src/lib/components/AlacrittyTerminal.svelte?t=1778835648042:343:28
[  315587ms] TypeError: terminal.ws_ready_state is not a function
    at http://localhost:5191/src/lib/components/AlacrittyTerminal.svelte?t=1778835648042:343:28
[  315837ms] TypeError: terminal.ws_ready_state is not a function
    at http://localhost:5191/src/lib/components/AlacrittyTerminal.svelte?t=1778835648042:343:28
[  316087ms] TypeError: terminal.ws_ready_state is not a function
    at http://localhost:5191/src/lib/components/AlacrittyTerminal.svelte?t=1778835648042:343:28
[  316337ms] TypeError: terminal.ws_ready_state is not a function
    at http://localhost:5191/src/lib/components/AlacrittyTerminal.svelte?t=1778835648042:343:28
[  316587ms] TypeError: terminal.ws_ready_state is not a function
    at http://localhost:5191/src/lib/components/AlacrittyTerminal.svelte?t=1778835648042:343:28
[  316837ms] TypeError: terminal.ws_ready_state is not a function
    at http://localhost:5191/src/lib/components/AlacrittyTerminal.svelte?t=1778835648042:343:28
[  317087ms] TypeError: terminal.ws_ready_state is not a function
    at http://localhost:5191/src/lib/components/AlacrittyTerminal.svelte?t=1778835648042:343:28
[  317337ms] TypeError: terminal.ws_ready_state is not a function
    at http://localhost:5191/src/lib/components/AlacrittyTerminal.svelte?t=1778835648042:343:28
[  317587ms] TypeError: terminal.ws_ready_state is not a function
    at http://localhost:5191/src/lib/components/AlacrittyTerminal.svelte?t=1778835648042:343:28
[  317837ms] TypeError: terminal.ws_ready_state is not a function
    at http://localhost:5191/src/lib/components/AlacrittyTerminal.svelte?t=1778835648042:343:28
[  318087ms] TypeError: terminal.ws_ready_state is not a function
    at http://localhost:5191/src/lib/components/AlacrittyTerminal.svelte?t=1778835648042:343:28
[  318337ms] TypeError: terminal.ws_ready_state is not a function
    at http://localhost:5191/src/lib/components/AlacrittyTerminal.svelte?t=1778835648042:343:28
[  318587ms] TypeError: terminal.ws_ready_state is not a function
    at http://localhost:5191/src/lib/components/AlacrittyTerminal.svelte?t=1778835648042:343:28
[  318837ms] TypeError: terminal.ws_ready_state is not a function
    at http://localhost:5191/src/lib/components/AlacrittyTerminal.svelte?t=1778835648042:343:28
[  319087ms] TypeError: terminal.ws_ready_state is not a function
    at http://localhost:5191/src/lib/components/AlacrittyTerminal.svelte?t=1778835648042:343:28
[  319337ms] TypeError: terminal.ws_ready_state is not a function
    at http://localhost:5191/src/lib/components/AlacrittyTerminal.svelte?t=1778835648042:343:28
[  319587ms] TypeError: terminal.ws_ready_state is not a function
    at http://localhost:5191/src/lib/components/AlacrittyTerminal.svelte?t=1778835648042:343:28
[  319837ms] TypeError: terminal.ws_ready_state is not a function
    at http://localhost:5191/src/lib/components/AlacrittyTerminal.svelte?t=1778835648042:343:28
[  320087ms] TypeError: terminal.ws_ready_state is not a function
    at http://localhost:5191/src/lib/components/AlacrittyTerminal.svelte?t=1778835648042:343:28
[  320337ms] TypeError: terminal.ws_ready_state is not a function
    at http://localhost:5191/src/lib/components/AlacrittyTerminal.svelte?t=1778835648042:343:28
[  320587ms] TypeError: terminal.ws_ready_state is not a function
    at http://localhost:5191/src/lib/components/AlacrittyTerminal.svelte?t=1778835648042:343:28
[  320837ms] TypeError: terminal.ws_ready_state is not a function
    at http://localhost:5191/src/lib/components/AlacrittyTerminal.svelte?t=1778835648042:343:28
[  321087ms] TypeError: terminal.ws_ready_state is not a function
    at http://localhost:5191/src/lib/components/AlacrittyTerminal.svelte?t=1778835648042:343:28
[  321337ms] TypeError: terminal.ws_ready_state is not a function
    at http://localhost:5191/src/lib/components/AlacrittyTerminal.svelte?t=1778835648042:343:28
[  321586ms] TypeError: terminal.ws_ready_state is not a function
    at http://localhost:5191/src/lib/components/AlacrittyTerminal.svelte?t=1778835648042:343:28
[  321836ms] TypeError: terminal.ws_ready_state is not a function
    at http://localhost:5191/src/lib/components/AlacrittyTerminal.svelte?t=1778835648042:343:28
[  322087ms] TypeError: terminal.ws_ready_state is not a function
    at http://localhost:5191/src/lib/components/AlacrittyTerminal.svelte?t=1778835648042:343:28
[  322337ms] TypeError: terminal.ws_ready_state is not a function
    at http://localhost:5191/src/lib/components/AlacrittyTerminal.svelte?t=1778835648042:343:28
[  322587ms] TypeError: terminal.ws_ready_state is not a function
    at http://localhost:5191/src/lib/components/AlacrittyTerminal.svelte?t=1778835648042:343:28
[  322837ms] TypeError: terminal.ws_ready_state is not a function
    at http://localhost:5191/src/lib/components/AlacrittyTerminal.svelte?t=1778835648042:343:28
[  323087ms] TypeError: terminal.ws_ready_state is not a function
    at http://localhost:5191/src/lib/components/AlacrittyTerminal.svelte?t=1778835648042:343:28
[  323337ms] TypeError: terminal.ws_ready_state is not a function
    at http://localhost:5191/src/lib/components/AlacrittyTerminal.svelte?t=1778835648042:343:28
[  323587ms] TypeError: terminal.ws_ready_state is not a function
    at http://localhost:5191/src/lib/components/AlacrittyTerminal.svelte?t=1778835648042:343:28
[  323837ms] TypeError: terminal.ws_ready_state is not a function
    at http://localhost:5191/src/lib/components/AlacrittyTerminal.svelte?t=1778835648042:343:28
[  324087ms] TypeError: terminal.ws_ready_state is not a function
    at http://localhost:5191/src/lib/components/AlacrittyTerminal.svelte?t=1778835648042:343:28
[  324336ms] TypeError: terminal.ws_ready_state is not a function
    at http://localhost:5191/src/lib/components/AlacrittyTerminal.svelte?t=1778835648042:343:28
[  324587ms] TypeError: terminal.ws_ready_state is not a function
    at http://localhost:5191/src/lib/components/AlacrittyTerminal.svelte?t=1778835648042:343:28
[  324837ms] TypeError: terminal.ws_ready_state is not a function
    at http://localhost:5191/src/lib/components/AlacrittyTerminal.svelte?t=1778835648042:343:28
[  325087ms] TypeError: terminal.ws_ready_state is not a function
    at http://localhost:5191/src/lib/components/AlacrittyTerminal.svelte?t=1778835648042:343:28
[  325337ms] TypeError: terminal.ws_ready_state is not a function
    at http://localhost:5191/src/lib/components/AlacrittyTerminal.svelte?t=1778835648042:343:28
[  325587ms] TypeError: terminal.ws_ready_state is not a function
    at http://localhost:5191/src/lib/components/AlacrittyTerminal.svelte?t=1778835648042:343:28
[  325837ms] TypeError: terminal.ws_ready_state is not a function
    at http://localhost:5191/src/lib/components/AlacrittyTerminal.svelte?t=1778835648042:343:28
[  326087ms] TypeError: terminal.ws_ready_state is not a function
    at http://localhost:5191/src/lib/components/AlacrittyTerminal.svelte?t=1778835648042:343:28
[  326337ms] TypeError: terminal.ws_ready_state is not a function
    at http://localhost:5191/src/lib/components/AlacrittyTerminal.svelte?t=1778835648042:343:28
[  326587ms] TypeError: terminal.ws_ready_state is not a function
    at http://localhost:5191/src/lib/components/AlacrittyTerminal.svelte?t=1778835648042:343:28
[  326837ms] TypeError: terminal.ws_ready_state is not a function
    at http://localhost:5191/src/lib/components/AlacrittyTerminal.svelte?t=1778835648042:343:28
[  327087ms] TypeError: terminal.ws_ready_state is not a function
    at http://localhost:5191/src/lib/components/AlacrittyTerminal.svelte?t=1778835648042:343:28
[  327337ms] TypeError: terminal.ws_ready_state is not a function
    at http://localhost:5191/src/lib/components/AlacrittyTerminal.svelte?t=1778835648042:343:28
[  327587ms] TypeError: terminal.ws_ready_state is not a function
    at http://localhost:5191/src/lib/components/AlacrittyTerminal.svelte?t=1778835648042:343:28
[  327837ms] TypeError: terminal.ws_ready_state is not a function
    at http://localhost:5191/src/lib/components/AlacrittyTerminal.svelte?t=1778835648042:343:28
[  328087ms] TypeError: terminal.ws_ready_state is not a function
    at http://localhost:5191/src/lib/components/AlacrittyTerminal.svelte?t=1778835648042:343:28
[  328337ms] TypeError: terminal.ws_ready_state is not a function
    at http://localhost:5191/src/lib/components/AlacrittyTerminal.svelte?t=1778835648042:343:28
[  328587ms] TypeError: terminal.ws_ready_state is not a function
    at http://localhost:5191/src/lib/components/AlacrittyTerminal.svelte?t=1778835648042:343:28
[  328837ms] TypeError: terminal.ws_ready_state is not a function
    at http://localhost:5191/src/lib/components/AlacrittyTerminal.svelte?t=1778835648042:343:28
[  329087ms] TypeError: terminal.ws_ready_state is not a function
    at http://localhost:5191/src/lib/components/AlacrittyTerminal.svelte?t=1778835648042:343:28
[  329337ms] TypeError: terminal.ws_ready_state is not a function
    at http://localhost:5191/src/lib/components/AlacrittyTerminal.svelte?t=1778835648042:343:28
[  329587ms] TypeError: terminal.ws_ready_state is not a function
    at http://localhost:5191/src/lib/components/AlacrittyTerminal.svelte?t=1778835648042:343:28
[  329837ms] TypeError: terminal.ws_ready_state is not a function
    at http://localhost:5191/src/lib/components/AlacrittyTerminal.svelte?t=1778835648042:343:28
[  330087ms] TypeError: terminal.ws_ready_state is not a function
    at http://localhost:5191/src/lib/components/AlacrittyTerminal.svelte?t=1778835648042:343:28
[  330337ms] TypeError: terminal.ws_ready_state is not a function
    at http://localhost:5191/src/lib/components/AlacrittyTerminal.svelte?t=1778835648042:343:28
[  330587ms] TypeError: terminal.ws_ready_state is not a function
    at http://localhost:5191/src/lib/components/AlacrittyTerminal.svelte?t=1778835648042:343:28
[  330837ms] TypeError: terminal.ws_ready_state is not a function
    at http://localhost:5191/src/lib/components/AlacrittyTerminal.svelte?t=1778835648042:343:28
[  331087ms] TypeError: terminal.ws_ready_state is not a function
    at http://localhost:5191/src/lib/components/AlacrittyTerminal.svelte?t=1778835648042:343:28
[  331337ms] TypeError: terminal.ws_ready_state is not a function
    at http://localhost:5191/src/lib/components/AlacrittyTerminal.svelte?t=1778835648042:343:28
[  331587ms] TypeError: terminal.ws_ready_state is not a function
    at http://localhost:5191/src/lib/components/AlacrittyTerminal.svelte?t=1778835648042:343:28
[  331836ms] TypeError: terminal.ws_ready_state is not a function
    at http://localhost:5191/src/lib/components/AlacrittyTerminal.svelte?t=1778835648042:343:28
[  332087ms] TypeError: terminal.ws_ready_state is not a function
    at http://localhost:5191/src/lib/components/AlacrittyTerminal.svelte?t=1778835648042:343:28
[  332337ms] TypeError: terminal.ws_ready_state is not a function
    at http://localhost:5191/src/lib/components/AlacrittyTerminal.svelte?t=1778835648042:343:28
[  332587ms] TypeError: terminal.ws_ready_state is not a function
    at http://localhost:5191/src/lib/components/AlacrittyTerminal.svelte?t=1778835648042:343:28
[  332837ms] TypeError: terminal.ws_ready_state is not a function
    at http://localhost:5191/src/lib/components/AlacrittyTerminal.svelte?t=1778835648042:343:28
[  333087ms] TypeError: terminal.ws_ready_state is not a function
    at http://localhost:5191/src/lib/components/AlacrittyTerminal.svelte?t=1778835648042:343:28
[  333337ms] TypeError: terminal.ws_ready_state is not a function
    at http://localhost:5191/src/lib/components/AlacrittyTerminal.svelte?t=1778835648042:343:28
[  333587ms] TypeError: terminal.ws_ready_state is not a function
    at http://localhost:5191/src/lib/components/AlacrittyTerminal.svelte?t=1778835648042:343:28
[  333837ms] TypeError: terminal.ws_ready_state is not a function
    at http://localhost:5191/src/lib/components/AlacrittyTerminal.svelte?t=1778835648042:343:28
[  334087ms] TypeError: terminal.ws_ready_state is not a function
    at http://localhost:5191/src/lib/components/AlacrittyTerminal.svelte?t=1778835648042:343:28
[  334337ms] TypeError: terminal.ws_ready_state is not a function
    at http://localhost:5191/src/lib/components/AlacrittyTerminal.svelte?t=1778835648042:343:28
[  334587ms] TypeError: terminal.ws_ready_state is not a function
    at http://localhost:5191/src/lib/components/AlacrittyTerminal.svelte?t=1778835648042:343:28
[  334837ms] TypeError: terminal.ws_ready_state is not a function
    at http://localhost:5191/src/lib/components/AlacrittyTerminal.svelte?t=1778835648042:343:28
[  335087ms] TypeError: terminal.ws_ready_state is not a function
    at http://localhost:5191/src/lib/components/AlacrittyTerminal.svelte?t=1778835648042:343:28
[  335336ms] TypeError: terminal.ws_ready_state is not a function
    at http://localhost:5191/src/lib/components/AlacrittyTerminal.svelte?t=1778835648042:343:28
[  335587ms] TypeError: terminal.ws_ready_state is not a function
    at http://localhost:5191/src/lib/components/AlacrittyTerminal.svelte?t=1778835648042:343:28
[  335837ms] TypeError: terminal.ws_ready_state is not a function
    at http://localhost:5191/src/lib/components/AlacrittyTerminal.svelte?t=1778835648042:343:28
[  336087ms] TypeError: terminal.ws_ready_state is not a function
    at http://localhost:5191/src/lib/components/AlacrittyTerminal.svelte?t=1778835648042:343:28
[  336337ms] TypeError: terminal.ws_ready_state is not a function
    at http://localhost:5191/src/lib/components/AlacrittyTerminal.svelte?t=1778835648042:343:28
[  336586ms] TypeError: terminal.ws_ready_state is not a function
    at http://localhost:5191/src/lib/components/AlacrittyTerminal.svelte?t=1778835648042:343:28
[  336837ms] TypeError: terminal.ws_ready_state is not a function
    at http://localhost:5191/src/lib/components/AlacrittyTerminal.svelte?t=1778835648042:343:28
[  337087ms] TypeError: terminal.ws_ready_state is not a function
    at http://localhost:5191/src/lib/components/AlacrittyTerminal.svelte?t=1778835648042:343:28
[  337337ms] TypeError: terminal.ws_ready_state is not a function
    at http://localhost:5191/src/lib/components/AlacrittyTerminal.svelte?t=1778835648042:343:28
[  337587ms] TypeError: terminal.ws_ready_state is not a function
    at http://localhost:5191/src/lib/components/AlacrittyTerminal.svelte?t=1778835648042:343:28
[  337837ms] TypeError: terminal.ws_ready_state is not a function
    at http://localhost:5191/src/lib/components/AlacrittyTerminal.svelte?t=1778835648042:343:28
[  338087ms] TypeError: terminal.ws_ready_state is not a function
    at http://localhost:5191/src/lib/components/AlacrittyTerminal.svelte?t=1778835648042:343:28
[  338337ms] TypeError: terminal.ws_ready_state is not a function
    at http://localhost:5191/src/lib/components/AlacrittyTerminal.svelte?t=1778835648042:343:28
[  338587ms] TypeError: terminal.ws_ready_state is not a function
    at http://localhost:5191/src/lib/components/AlacrittyTerminal.svelte?t=1778835648042:343:28
[  338837ms] TypeError: terminal.ws_ready_state is not a function
    at http://localhost:5191/src/lib/components/AlacrittyTerminal.svelte?t=1778835648042:343:28
[  339087ms] TypeError: terminal.ws_ready_state is not a function
    at http://localhost:5191/src/lib/components/AlacrittyTerminal.svelte?t=1778835648042:343:28
[  339337ms] TypeError: terminal.ws_ready_state is not a function
    at http://localhost:5191/src/lib/components/AlacrittyTerminal.svelte?t=1778835648042:343:28
[  339587ms] TypeError: terminal.ws_ready_state is not a function
    at http://localhost:5191/src/lib/components/AlacrittyTerminal.svelte?t=1778835648042:343:28
[  339837ms] TypeError: terminal.ws_ready_state is not a function
    at http://localhost:5191/src/lib/components/AlacrittyTerminal.svelte?t=1778835648042:343:28
[  340087ms] TypeError: terminal.ws_ready_state is not a function
    at http://localhost:5191/src/lib/components/AlacrittyTerminal.svelte?t=1778835648042:343:28
[  340337ms] TypeError: terminal.ws_ready_state is not a function
    at http://localhost:5191/src/lib/components/AlacrittyTerminal.svelte?t=1778835648042:343:28
[  340587ms] TypeError: terminal.ws_ready_state is not a function
    at http://localhost:5191/src/lib/components/AlacrittyTerminal.svelte?t=1778835648042:343:28
[  340837ms] TypeError: terminal.ws_ready_state is not a function
    at http://localhost:5191/src/lib/components/AlacrittyTerminal.svelte?t=1778835648042:343:28
[  341087ms] TypeError: terminal.ws_ready_state is not a function
    at http://localhost:5191/src/lib/components/AlacrittyTerminal.svelte?t=1778835648042:343:28
[  341337ms] TypeError: terminal.ws_ready_state is not a function
    at http://localhost:5191/src/lib/components/AlacrittyTerminal.svelte?t=1778835648042:343:28
[  341587ms] TypeError: terminal.ws_ready_state is not a function
    at http://localhost:5191/src/lib/components/AlacrittyTerminal.svelte?t=1778835648042:343:28
[  341837ms] TypeError: terminal.ws_ready_state is not a function
    at http://localhost:5191/src/lib/components/AlacrittyTerminal.svelte?t=1778835648042:343:28
[  342087ms] TypeError: terminal.ws_ready_state is not a function
    at http://localhost:5191/src/lib/components/AlacrittyTerminal.svelte?t=1778835648042:343:28
[  342337ms] TypeError: terminal.ws_ready_state is not a function
    at http://localhost:5191/src/lib/components/AlacrittyTerminal.svelte?t=1778835648042:343:28
[  342587ms] TypeError: terminal.ws_ready_state is not a function
    at http://localhost:5191/src/lib/components/AlacrittyTerminal.svelte?t=1778835648042:343:28
[  342837ms] TypeError: terminal.ws_ready_state is not a function
    at http://localhost:5191/src/lib/components/AlacrittyTerminal.svelte?t=1778835648042:343:28
[  343087ms] TypeError: terminal.ws_ready_state is not a function
    at http://localhost:5191/src/lib/components/AlacrittyTerminal.svelte?t=1778835648042:343:28
[  343337ms] TypeError: terminal.ws_ready_state is not a function
    at http://localhost:5191/src/lib/components/AlacrittyTerminal.svelte?t=1778835648042:343:28
[  343587ms] TypeError: terminal.ws_ready_state is not a function
    at http://localhost:5191/src/lib/components/AlacrittyTerminal.svelte?t=1778835648042:343:28
[  343837ms] TypeError: terminal.ws_ready_state is not a function
    at http://localhost:5191/src/lib/components/AlacrittyTerminal.svelte?t=1778835648042:343:28
[  344086ms] TypeError: terminal.ws_ready_state is not a function
    at http://localhost:5191/src/lib/components/AlacrittyTerminal.svelte?t=1778835648042:343:28
[  344337ms] TypeError: terminal.ws_ready_state is not a function
    at http://localhost:5191/src/lib/components/AlacrittyTerminal.svelte?t=1778835648042:343:28
[  344586ms] TypeError: terminal.ws_ready_state is not a function
    at http://localhost:5191/src/lib/components/AlacrittyTerminal.svelte?t=1778835648042:343:28
[  344837ms] TypeError: terminal.ws_ready_state is not a function
    at http://localhost:5191/src/lib/components/AlacrittyTerminal.svelte?t=1778835648042:343:28
[  345086ms] TypeError: terminal.ws_ready_state is not a function
    at http://localhost:5191/src/lib/components/AlacrittyTerminal.svelte?t=1778835648042:343:28
[  345337ms] TypeError: terminal.ws_ready_state is not a function
    at http://localhost:5191/src/lib/components/AlacrittyTerminal.svelte?t=1778835648042:343:28
[  345587ms] TypeError: terminal.ws_ready_state is not a function
    at http://localhost:5191/src/lib/components/AlacrittyTerminal.svelte?t=1778835648042:343:28
[  345837ms] TypeError: terminal.ws_ready_state is not a function
    at http://localhost:5191/src/lib/components/AlacrittyTerminal.svelte?t=1778835648042:343:28
[  346087ms] TypeError: terminal.ws_ready_state is not a function
    at http://localhost:5191/src/lib/components/AlacrittyTerminal.svelte?t=1778835648042:343:28
[  346337ms] TypeError: terminal.ws_ready_state is not a function
    at http://localhost:5191/src/lib/components/AlacrittyTerminal.svelte?t=1778835648042:343:28
[  346586ms] TypeError: terminal.ws_ready_state is not a function
    at http://localhost:5191/src/lib/components/AlacrittyTerminal.svelte?t=1778835648042:343:28
[  346837ms] TypeError: terminal.ws_ready_state is not a function
    at http://localhost:5191/src/lib/components/AlacrittyTerminal.svelte?t=1778835648042:343:28
[  347087ms] TypeError: terminal.ws_ready_state is not a function
    at http://localhost:5191/src/lib/components/AlacrittyTerminal.svelte?t=1778835648042:343:28
[  347337ms] TypeError: terminal.ws_ready_state is not a function
    at http://localhost:5191/src/lib/components/AlacrittyTerminal.svelte?t=1778835648042:343:28
[  347587ms] TypeError: terminal.ws_ready_state is not a function
    at http://localhost:5191/src/lib/components/AlacrittyTerminal.svelte?t=1778835648042:343:28
[  347837ms] TypeError: terminal.ws_ready_state is not a function
    at http://localhost:5191/src/lib/components/AlacrittyTerminal.svelte?t=1778835648042:343:28
[  348087ms] TypeError: terminal.ws_ready_state is not a function
    at http://localhost:5191/src/lib/components/AlacrittyTerminal.svelte?t=1778835648042:343:28
[  348337ms] TypeError: terminal.ws_ready_state is not a function
    at http://localhost:5191/src/lib/components/AlacrittyTerminal.svelte?t=1778835648042:343:28
[  348587ms] TypeError: terminal.ws_ready_state is not a function
    at http://localhost:5191/src/lib/components/AlacrittyTerminal.svelte?t=1778835648042:343:28
[  348837ms] TypeError: terminal.ws_ready_state is not a function
    at http://localhost:5191/src/lib/components/AlacrittyTerminal.svelte?t=1778835648042:343:28
[  349087ms] TypeError: terminal.ws_ready_state is not a function
    at http://localhost:5191/src/lib/components/AlacrittyTerminal.svelte?t=1778835648042:343:28
[  349337ms] TypeError: terminal.ws_ready_state is not a function
    at http://localhost:5191/src/lib/components/AlacrittyTerminal.svelte?t=1778835648042:343:28
[  349587ms] TypeError: terminal.ws_ready_state is not a function
    at http://localhost:5191/src/lib/components/AlacrittyTerminal.svelte?t=1778835648042:343:28
[  349837ms] TypeError: terminal.ws_ready_state is not a function
    at http://localhost:5191/src/lib/components/AlacrittyTerminal.svelte?t=1778835648042:343:28
[  350087ms] TypeError: terminal.ws_ready_state is not a function
    at http://localhost:5191/src/lib/components/AlacrittyTerminal.svelte?t=1778835648042:343:28
[  350337ms] TypeError: terminal.ws_ready_state is not a function
    at http://localhost:5191/src/lib/components/AlacrittyTerminal.svelte?t=1778835648042:343:28
[  350587ms] TypeError: terminal.ws_ready_state is not a function
    at http://localhost:5191/src/lib/components/AlacrittyTerminal.svelte?t=1778835648042:343:28
[  350837ms] TypeError: terminal.ws_ready_state is not a function
    at http://localhost:5191/src/lib/components/AlacrittyTerminal.svelte?t=1778835648042:343:28
[  351087ms] TypeError: terminal.ws_ready_state is not a function
    at http://localhost:5191/src/lib/components/AlacrittyTerminal.svelte?t=1778835648042:343:28
[  351336ms] TypeError: terminal.ws_ready_state is not a function
    at http://localhost:5191/src/lib/components/AlacrittyTerminal.svelte?t=1778835648042:343:28
[  351587ms] TypeError: terminal.ws_ready_state is not a function
    at http://localhost:5191/src/lib/components/AlacrittyTerminal.svelte?t=1778835648042:343:28
[  351837ms] TypeError: terminal.ws_ready_state is not a function
    at http://localhost:5191/src/lib/components/AlacrittyTerminal.svelte?t=1778835648042:343:28
[  352087ms] TypeError: terminal.ws_ready_state is not a function
    at http://localhost:5191/src/lib/components/AlacrittyTerminal.svelte?t=1778835648042:343:28
[  352337ms] TypeError: terminal.ws_ready_state is not a function
    at http://localhost:5191/src/lib/components/AlacrittyTerminal.svelte?t=1778835648042:343:28
[  352587ms] TypeError: terminal.ws_ready_state is not a function
    at http://localhost:5191/src/lib/components/AlacrittyTerminal.svelte?t=1778835648042:343:28
[  352837ms] TypeError: terminal.ws_ready_state is not a function
    at http://localhost:5191/src/lib/components/AlacrittyTerminal.svelte?t=1778835648042:343:28
[  353087ms] TypeError: terminal.ws_ready_state is not a function
    at http://localhost:5191/src/lib/components/AlacrittyTerminal.svelte?t=1778835648042:343:28
[  353337ms] TypeError: terminal.ws_ready_state is not a function
    at http://localhost:5191/src/lib/components/AlacrittyTerminal.svelte?t=1778835648042:343:28
[  353587ms] TypeError: terminal.ws_ready_state is not a function
    at http://localhost:5191/src/lib/components/AlacrittyTerminal.svelte?t=1778835648042:343:28
[  353837ms] TypeError: terminal.ws_ready_state is not a function
    at http://localhost:5191/src/lib/components/AlacrittyTerminal.svelte?t=1778835648042:343:28
[  354087ms] TypeError: terminal.ws_ready_state is not a function
    at http://localhost:5191/src/lib/components/AlacrittyTerminal.svelte?t=1778835648042:343:28
[  354337ms] TypeError: terminal.ws_ready_state is not a function
    at http://localhost:5191/src/lib/components/AlacrittyTerminal.svelte?t=1778835648042:343:28
[  354587ms] TypeError: terminal.ws_ready_state is not a function
    at http://localhost:5191/src/lib/components/AlacrittyTerminal.svelte?t=1778835648042:343:28
[  354837ms] TypeError: terminal.ws_ready_state is not a function
    at http://localhost:5191/src/lib/components/AlacrittyTerminal.svelte?t=1778835648042:343:28
[  355087ms] TypeError: terminal.ws_ready_state is not a function
    at http://localhost:5191/src/lib/components/AlacrittyTerminal.svelte?t=1778835648042:343:28
[  355338ms] TypeError: terminal.ws_ready_state is not a function
    at http://localhost:5191/src/lib/components/AlacrittyTerminal.svelte?t=1778835648042:343:28
[  355587ms] TypeError: terminal.ws_ready_state is not a function
    at http://localhost:5191/src/lib/components/AlacrittyTerminal.svelte?t=1778835648042:343:28
[  355837ms] TypeError: terminal.ws_ready_state is not a function
    at http://localhost:5191/src/lib/components/AlacrittyTerminal.svelte?t=1778835648042:343:28
[  356087ms] TypeError: terminal.ws_ready_state is not a function
    at http://localhost:5191/src/lib/components/AlacrittyTerminal.svelte?t=1778835648042:343:28
[  356337ms] TypeError: terminal.ws_ready_state is not a function
    at http://localhost:5191/src/lib/components/AlacrittyTerminal.svelte?t=1778835648042:343:28
[  356587ms] TypeError: terminal.ws_ready_state is not a function
    at http://localhost:5191/src/lib/components/AlacrittyTerminal.svelte?t=1778835648042:343:28
[  356837ms] TypeError: terminal.ws_ready_state is not a function
    at http://localhost:5191/src/lib/components/AlacrittyTerminal.svelte?t=1778835648042:343:28
[  357087ms] TypeError: terminal.ws_ready_state is not a function
    at http://localhost:5191/src/lib/components/AlacrittyTerminal.svelte?t=1778835648042:343:28
[  357337ms] TypeError: terminal.ws_ready_state is not a function
    at http://localhost:5191/src/lib/components/AlacrittyTerminal.svelte?t=1778835648042:343:28
[  357587ms] TypeError: terminal.ws_ready_state is not a function
    at http://localhost:5191/src/lib/components/AlacrittyTerminal.svelte?t=1778835648042:343:28
[  357836ms] TypeError: terminal.ws_ready_state is not a function
    at http://localhost:5191/src/lib/components/AlacrittyTerminal.svelte?t=1778835648042:343:28
[  358087ms] TypeError: terminal.ws_ready_state is not a function
    at http://localhost:5191/src/lib/components/AlacrittyTerminal.svelte?t=1778835648042:343:28
[  358337ms] TypeError: terminal.ws_ready_state is not a function
    at http://localhost:5191/src/lib/components/AlacrittyTerminal.svelte?t=1778835648042:343:28
[  358587ms] TypeError: terminal.ws_ready_state is not a function
    at http://localhost:5191/src/lib/components/AlacrittyTerminal.svelte?t=1778835648042:343:28
[  358837ms] TypeError: terminal.ws_ready_state is not a function
    at http://localhost:5191/src/lib/components/AlacrittyTerminal.svelte?t=1778835648042:343:28
[  359087ms] TypeError: terminal.ws_ready_state is not a function
    at http://localhost:5191/src/lib/components/AlacrittyTerminal.svelte?t=1778835648042:343:28
[  359336ms] TypeError: terminal.ws_ready_state is not a function
    at http://localhost:5191/src/lib/components/AlacrittyTerminal.svelte?t=1778835648042:343:28
[  359587ms] TypeError: terminal.ws_ready_state is not a function
    at http://localhost:5191/src/lib/components/AlacrittyTerminal.svelte?t=1778835648042:343:28
[  359837ms] TypeError: terminal.ws_ready_state is not a function
    at http://localhost:5191/src/lib/components/AlacrittyTerminal.svelte?t=1778835648042:343:28
[  360087ms] TypeError: terminal.ws_ready_state is not a function
    at http://localhost:5191/src/lib/components/AlacrittyTerminal.svelte?t=1778835648042:343:28
[  360336ms] TypeError: terminal.ws_ready_state is not a function
    at http://localhost:5191/src/lib/components/AlacrittyTerminal.svelte?t=1778835648042:343:28
[  360587ms] TypeError: terminal.ws_ready_state is not a function
    at http://localhost:5191/src/lib/components/AlacrittyTerminal.svelte?t=1778835648042:343:28
[  360836ms] TypeError: terminal.ws_ready_state is not a function
    at http://localhost:5191/src/lib/components/AlacrittyTerminal.svelte?t=1778835648042:343:28
[  361087ms] TypeError: terminal.ws_ready_state is not a function
    at http://localhost:5191/src/lib/components/AlacrittyTerminal.svelte?t=1778835648042:343:28
[  361337ms] TypeError: terminal.ws_ready_state is not a function
    at http://localhost:5191/src/lib/components/AlacrittyTerminal.svelte?t=1778835648042:343:28
[  361587ms] TypeError: terminal.ws_ready_state is not a function
    at http://localhost:5191/src/lib/components/AlacrittyTerminal.svelte?t=1778835648042:343:28
[  361837ms] TypeError: terminal.ws_ready_state is not a function
    at http://localhost:5191/src/lib/components/AlacrittyTerminal.svelte?t=1778835648042:343:28
[  362087ms] TypeError: terminal.ws_ready_state is not a function
    at http://localhost:5191/src/lib/components/AlacrittyTerminal.svelte?t=1778835648042:343:28
[  362337ms] TypeError: terminal.ws_ready_state is not a function
    at http://localhost:5191/src/lib/components/AlacrittyTerminal.svelte?t=1778835648042:343:28
[  362587ms] TypeError: terminal.ws_ready_state is not a function
    at http://localhost:5191/src/lib/components/AlacrittyTerminal.svelte?t=1778835648042:343:28
[  362837ms] TypeError: terminal.ws_ready_state is not a function
    at http://localhost:5191/src/lib/components/AlacrittyTerminal.svelte?t=1778835648042:343:28
[  363087ms] TypeError: terminal.ws_ready_state is not a function
    at http://localhost:5191/src/lib/components/AlacrittyTerminal.svelte?t=1778835648042:343:28
[  363337ms] TypeError: terminal.ws_ready_state is not a function
    at http://localhost:5191/src/lib/components/AlacrittyTerminal.svelte?t=1778835648042:343:28
[  363587ms] TypeError: terminal.ws_ready_state is not a function
    at http://localhost:5191/src/lib/components/AlacrittyTerminal.svelte?t=1778835648042:343:28
[  363837ms] TypeError: terminal.ws_ready_state is not a function
    at http://localhost:5191/src/lib/components/AlacrittyTerminal.svelte?t=1778835648042:343:28
[  364087ms] TypeError: terminal.ws_ready_state is not a function
    at http://localhost:5191/src/lib/components/AlacrittyTerminal.svelte?t=1778835648042:343:28
[  364337ms] TypeError: terminal.ws_ready_state is not a function
    at http://localhost:5191/src/lib/components/AlacrittyTerminal.svelte?t=1778835648042:343:28
[  364587ms] TypeError: terminal.ws_ready_state is not a function
    at http://localhost:5191/src/lib/components/AlacrittyTerminal.svelte?t=1778835648042:343:28
[  364837ms] TypeError: terminal.ws_ready_state is not a function
    at http://localhost:5191/src/lib/components/AlacrittyTerminal.svelte?t=1778835648042:343:28
[  365087ms] TypeError: terminal.ws_ready_state is not a function
    at http://localhost:5191/src/lib/components/AlacrittyTerminal.svelte?t=1778835648042:343:28
[  365337ms] TypeError: terminal.ws_ready_state is not a function
    at http://localhost:5191/src/lib/components/AlacrittyTerminal.svelte?t=1778835648042:343:28
[  365586ms] TypeError: terminal.ws_ready_state is not a function
    at http://localhost:5191/src/lib/components/AlacrittyTerminal.svelte?t=1778835648042:343:28
[  365837ms] TypeError: terminal.ws_ready_state is not a function
    at http://localhost:5191/src/lib/components/AlacrittyTerminal.svelte?t=1778835648042:343:28
[  366086ms] TypeError: terminal.ws_ready_state is not a function
    at http://localhost:5191/src/lib/components/AlacrittyTerminal.svelte?t=1778835648042:343:28
[  366337ms] TypeError: terminal.ws_ready_state is not a function
    at http://localhost:5191/src/lib/components/AlacrittyTerminal.svelte?t=1778835648042:343:28
[  366587ms] TypeError: terminal.ws_ready_state is not a function
    at http://localhost:5191/src/lib/components/AlacrittyTerminal.svelte?t=1778835648042:343:28
[  366836ms] TypeError: terminal.ws_ready_state is not a function
    at http://localhost:5191/src/lib/components/AlacrittyTerminal.svelte?t=1778835648042:343:28
[  367086ms] TypeError: terminal.ws_ready_state is not a function
    at http://localhost:5191/src/lib/components/AlacrittyTerminal.svelte?t=1778835648042:343:28
[  367336ms] TypeError: terminal.ws_ready_state is not a function
    at http://localhost:5191/src/lib/components/AlacrittyTerminal.svelte?t=1778835648042:343:28
[  367586ms] TypeError: terminal.ws_ready_state is not a function
    at http://localhost:5191/src/lib/components/AlacrittyTerminal.svelte?t=1778835648042:343:28
[  367836ms] TypeError: terminal.ws_ready_state is not a function
    at http://localhost:5191/src/lib/components/AlacrittyTerminal.svelte?t=1778835648042:343:28
[  368087ms] TypeError: terminal.ws_ready_state is not a function
    at http://localhost:5191/src/lib/components/AlacrittyTerminal.svelte?t=1778835648042:343:28
[  368337ms] TypeError: terminal.ws_ready_state is not a function
    at http://localhost:5191/src/lib/components/AlacrittyTerminal.svelte?t=1778835648042:343:28
[  368587ms] TypeError: terminal.ws_ready_state is not a function
    at http://localhost:5191/src/lib/components/AlacrittyTerminal.svelte?t=1778835648042:343:28
[  368837ms] TypeError: terminal.ws_ready_state is not a function
    at http://localhost:5191/src/lib/components/AlacrittyTerminal.svelte?t=1778835648042:343:28
[  369087ms] TypeError: terminal.ws_ready_state is not a function
    at http://localhost:5191/src/lib/components/AlacrittyTerminal.svelte?t=1778835648042:343:28
[  369337ms] TypeError: terminal.ws_ready_state is not a function
    at http://localhost:5191/src/lib/components/AlacrittyTerminal.svelte?t=1778835648042:343:28
[  369587ms] TypeError: terminal.ws_ready_state is not a function
    at http://localhost:5191/src/lib/components/AlacrittyTerminal.svelte?t=1778835648042:343:28
[  369837ms] TypeError: terminal.ws_ready_state is not a function
    at http://localhost:5191/src/lib/components/AlacrittyTerminal.svelte?t=1778835648042:343:28
[  370086ms] TypeError: terminal.ws_ready_state is not a function
    at http://localhost:5191/src/lib/components/AlacrittyTerminal.svelte?t=1778835648042:343:28
[  370337ms] TypeError: terminal.ws_ready_state is not a function
    at http://localhost:5191/src/lib/components/AlacrittyTerminal.svelte?t=1778835648042:343:28
[  370587ms] TypeError: terminal.ws_ready_state is not a function
    at http://localhost:5191/src/lib/components/AlacrittyTerminal.svelte?t=1778835648042:343:28
[  370667ms] ReferenceError: containerEl is not defined

	in <unknown>
	in AlacrittyTerminal.svelte
	in +page.svelte
	in +layout.svelte
	in root.svelte
	in undefined

    at http://localhost:5191/src/lib/components/AlacrittyTerminal.svelte?t=1778835704381:435:63
    at http://localhost:5191/node_modules/.vite/deps/chunk-JF4LIMWK.js?v=5aa1923c:3315:38
    at untrack (http://localhost:5191/node_modules/.vite/deps/chunk-OHEKCY32.js?v=5aa1923c:4196:12)
    at http://localhost:5191/node_modules/.vite/deps/chunk-JF4LIMWK.js?v=5aa1923c:3314:7
    at update_reaction (http://localhost:5191/node_modules/.vite/deps/chunk-OHEKCY32.js?v=5aa1923c:3895:18)
    at update_effect (http://localhost:5191/node_modules/.vite/deps/chunk-OHEKCY32.js?v=5aa1923c:4034:21)
    at create_effect (http://localhost:5191/node_modules/.vite/deps/chunk-OHEKCY32.js?v=5aa1923c:3378:7)
    at render_effect (http://localhost:5191/node_modules/.vite/deps/chunk-OHEKCY32.js?v=5aa1923c:3525:10)
    at http://localhost:5191/node_modules/.vite/deps/chunk-JF4LIMWK.js?v=5aa1923c:3311:5
    at update_reaction (http://localhost:5191/node_modules/.vite/deps/chunk-OHEKCY32.js?v=5aa1923c:3895:18)
[  376559ms] ReferenceError: containerEl is not defined

	in <unknown>
	in AlacrittyTerminal.svelte
	in +page.svelte
	in +layout.svelte
	in root.svelte
	in undefined

    at http://localhost:5191/src/lib/components/AlacrittyTerminal.svelte?t=1778835710269:425:63
    at http://localhost:5191/node_modules/.vite/deps/chunk-JF4LIMWK.js?v=5aa1923c:3315:38
    at untrack (http://localhost:5191/node_modules/.vite/deps/chunk-OHEKCY32.js?v=5aa1923c:4196:12)
    at http://localhost:5191/node_modules/.vite/deps/chunk-JF4LIMWK.js?v=5aa1923c:3314:7
    at update_reaction (http://localhost:5191/node_modules/.vite/deps/chunk-OHEKCY32.js?v=5aa1923c:3895:18)
    at update_effect (http://localhost:5191/node_modules/.vite/deps/chunk-OHEKCY32.js?v=5aa1923c:4034:21)
    at create_effect (http://localhost:5191/node_modules/.vite/deps/chunk-OHEKCY32.js?v=5aa1923c:3378:7)
    at render_effect (http://localhost:5191/node_modules/.vite/deps/chunk-OHEKCY32.js?v=5aa1923c:3525:10)
    at http://localhost:5191/node_modules/.vite/deps/chunk-JF4LIMWK.js?v=5aa1923c:3311:5
    at update_reaction (http://localhost:5191/node_modules/.vite/deps/chunk-OHEKCY32.js?v=5aa1923c:3895:18)
[  383868ms] ReferenceError: containerEl is not defined

	in <unknown>
	in AlacrittyTerminal.svelte
	in +page.svelte
	in +layout.svelte
	in root.svelte
	in undefined

    at http://localhost:5191/src/lib/components/AlacrittyTerminal.svelte?t=1778835717580:417:63
    at http://localhost:5191/node_modules/.vite/deps/chunk-JF4LIMWK.js?v=5aa1923c:3315:38
    at untrack (http://localhost:5191/node_modules/.vite/deps/chunk-OHEKCY32.js?v=5aa1923c:4196:12)
    at http://localhost:5191/node_modules/.vite/deps/chunk-JF4LIMWK.js?v=5aa1923c:3314:7
    at update_reaction (http://localhost:5191/node_modules/.vite/deps/chunk-OHEKCY32.js?v=5aa1923c:3895:18)
    at update_effect (http://localhost:5191/node_modules/.vite/deps/chunk-OHEKCY32.js?v=5aa1923c:4034:21)
    at create_effect (http://localhost:5191/node_modules/.vite/deps/chunk-OHEKCY32.js?v=5aa1923c:3378:7)
    at render_effect (http://localhost:5191/node_modules/.vite/deps/chunk-OHEKCY32.js?v=5aa1923c:3525:10)
    at http://localhost:5191/node_modules/.vite/deps/chunk-JF4LIMWK.js?v=5aa1923c:3311:5
    at update_reaction (http://localhost:5191/node_modules/.vite/deps/chunk-OHEKCY32.js?v=5aa1923c:3895:18)
[  409965ms] [INFO] Initializing AlacrittyTerminal @ http://localhost:5191/pkg/alacritty_web.js:1579
[  409967ms] [INFO] Canvas2D renderer[30]: cell=8x17, dpr=1, canvas=1148x574 @ http://localhost:5191/pkg/alacritty_web.js:1579
[  409967ms] [INFO] Initial grid: 143x33 @ http://localhost:5191/pkg/alacritty_web.js:1579
[  409968ms] [INFO] wgpu upgrade not requested, using Canvas 2D @ http://localhost:5191/pkg/alacritty_web.js:1579
[  409968ms] [LOG] [DBG] startReplay called for: undefined @ http://localhost:5191/src/routes/+page.svelte:67
[  409968ms] [INFO] Initializing AlacrittyTerminal @ http://localhost:5191/pkg/alacritty_web.js:1579
[  409970ms] [INFO] Canvas2D renderer[31]: cell=8x17, dpr=1, canvas=1148x574 @ http://localhost:5191/pkg/alacritty_web.js:1579
[  409970ms] [INFO] Initial grid: 143x33 @ http://localhost:5191/pkg/alacritty_web.js:1579
[  409970ms] [INFO] wgpu upgrade not requested, using Canvas 2D @ http://localhost:5191/pkg/alacritty_web.js:1579
[  409971ms] [INFO] Initializing AlacrittyTerminal @ http://localhost:5191/pkg/alacritty_web.js:1579
[  409972ms] [INFO] Canvas2D renderer[32]: cell=8x17, dpr=1, canvas=1148x574 @ http://localhost:5191/pkg/alacritty_web.js:1579
[  409973ms] [INFO] Initial grid: 143x33 @ http://localhost:5191/pkg/alacritty_web.js:1579
[  409973ms] [INFO] wgpu upgrade not requested, using Canvas 2D @ http://localhost:5191/pkg/alacritty_web.js:1579
[  409978ms] [LOG] WebSocket connection opened @ :2
[  409979ms] [ERROR] WebContainer init failed: Error: Only a single WebContainer instance can be booted
    at _WebContainer.boot (http://localhost:5191/node_modules/.vite/deps/@webcontainer_api.js?v=5aa1923c:1075:13)
    at async Module.track_reactivity_loss (http://localhost:5191/node_modules/.vite/deps/chunk-OHEKCY32.js?v=5aa1923c:1675:15)
    at async initWebContainer (http://localhost:5191/src/routes/+page.svelte:106:16) @ http://localhost:5191/src/routes/+page.svelte:148
[  410221ms] TypeError: terminal.ws_ready_state is not a function
    at http://localhost:5191/src/lib/components/AlacrittyTerminal.svelte?t=1778835743683:324:28
[  410470ms] TypeError: terminal.ws_ready_state is not a function
    at http://localhost:5191/src/lib/components/AlacrittyTerminal.svelte?t=1778835743683:324:28
[  410475ms] [INFO] Terminal title: me@centurion:~ @ http://localhost:5191/pkg/alacritty_web.js:1579
[  410721ms] TypeError: terminal.ws_ready_state is not a function
    at http://localhost:5191/src/lib/components/AlacrittyTerminal.svelte?t=1778835743683:324:28
[  410971ms] TypeError: terminal.ws_ready_state is not a function
    at http://localhost:5191/src/lib/components/AlacrittyTerminal.svelte?t=1778835743683:324:28
[  411221ms] TypeError: terminal.ws_ready_state is not a function
    at http://localhost:5191/src/lib/components/AlacrittyTerminal.svelte?t=1778835743683:324:28
[  411471ms] TypeError: terminal.ws_ready_state is not a function
    at http://localhost:5191/src/lib/components/AlacrittyTerminal.svelte?t=1778835743683:324:28
[  411721ms] TypeError: terminal.ws_ready_state is not a function
    at http://localhost:5191/src/lib/components/AlacrittyTerminal.svelte?t=1778835743683:324:28
[  411971ms] TypeError: terminal.ws_ready_state is not a function
    at http://localhost:5191/src/lib/components/AlacrittyTerminal.svelte?t=1778835743683:324:28
[  412221ms] TypeError: terminal.ws_ready_state is not a function
    at http://localhost:5191/src/lib/components/AlacrittyTerminal.svelte?t=1778835743683:324:28
[  412471ms] TypeError: terminal.ws_ready_state is not a function
    at http://localhost:5191/src/lib/components/AlacrittyTerminal.svelte?t=1778835743683:324:28
[  412721ms] TypeError: terminal.ws_ready_state is not a function
    at http://localhost:5191/src/lib/components/AlacrittyTerminal.svelte?t=1778835743683:324:28
[  412971ms] TypeError: terminal.ws_ready_state is not a function
    at http://localhost:5191/src/lib/components/AlacrittyTerminal.svelte?t=1778835743683:324:28
[  413221ms] TypeError: terminal.ws_ready_state is not a function
    at http://localhost:5191/src/lib/components/AlacrittyTerminal.svelte?t=1778835743683:324:28
[  413471ms] TypeError: terminal.ws_ready_state is not a function
    at http://localhost:5191/src/lib/components/AlacrittyTerminal.svelte?t=1778835743683:324:28
[  413721ms] TypeError: terminal.ws_ready_state is not a function
    at http://localhost:5191/src/lib/components/AlacrittyTerminal.svelte?t=1778835743683:324:28
[  413971ms] TypeError: terminal.ws_ready_state is not a function
    at http://localhost:5191/src/lib/components/AlacrittyTerminal.svelte?t=1778835743683:324:28
[  414221ms] TypeError: terminal.ws_ready_state is not a function
    at http://localhost:5191/src/lib/components/AlacrittyTerminal.svelte?t=1778835743683:324:28
[  414471ms] TypeError: terminal.ws_ready_state is not a function
    at http://localhost:5191/src/lib/components/AlacrittyTerminal.svelte?t=1778835743683:324:28
[  414721ms] TypeError: terminal.ws_ready_state is not a function
    at http://localhost:5191/src/lib/components/AlacrittyTerminal.svelte?t=1778835743683:324:28
[  414971ms] TypeError: terminal.ws_ready_state is not a function
    at http://localhost:5191/src/lib/components/AlacrittyTerminal.svelte?t=1778835743683:324:28
[  415221ms] TypeError: terminal.ws_ready_state is not a function
    at http://localhost:5191/src/lib/components/AlacrittyTerminal.svelte?t=1778835743683:324:28
[  415471ms] TypeError: terminal.ws_ready_state is not a function
    at http://localhost:5191/src/lib/components/AlacrittyTerminal.svelte?t=1778835743683:324:28
[  415721ms] TypeError: terminal.ws_ready_state is not a function
    at http://localhost:5191/src/lib/components/AlacrittyTerminal.svelte?t=1778835743683:324:28
[  415971ms] TypeError: terminal.ws_ready_state is not a function
    at http://localhost:5191/src/lib/components/AlacrittyTerminal.svelte?t=1778835743683:324:28
[  416221ms] TypeError: terminal.ws_ready_state is not a function
    at http://localhost:5191/src/lib/components/AlacrittyTerminal.svelte?t=1778835743683:324:28
[  416471ms] TypeError: terminal.ws_ready_state is not a function
    at http://localhost:5191/src/lib/components/AlacrittyTerminal.svelte?t=1778835743683:324:28
[  416721ms] TypeError: terminal.ws_ready_state is not a function
    at http://localhost:5191/src/lib/components/AlacrittyTerminal.svelte?t=1778835743683:324:28
[  416971ms] TypeError: terminal.ws_ready_state is not a function
    at http://localhost:5191/src/lib/components/AlacrittyTerminal.svelte?t=1778835743683:324:28
[  417221ms] TypeError: terminal.ws_ready_state is not a function
    at http://localhost:5191/src/lib/components/AlacrittyTerminal.svelte?t=1778835743683:324:28
[  417471ms] TypeError: terminal.ws_ready_state is not a function
    at http://localhost:5191/src/lib/components/AlacrittyTerminal.svelte?t=1778835743683:324:28
[  417721ms] TypeError: terminal.ws_ready_state is not a function
    at http://localhost:5191/src/lib/components/AlacrittyTerminal.svelte?t=1778835743683:324:28
[  417971ms] TypeError: terminal.ws_ready_state is not a function
    at http://localhost:5191/src/lib/components/AlacrittyTerminal.svelte?t=1778835743683:324:28
[  418221ms] TypeError: terminal.ws_ready_state is not a function
    at http://localhost:5191/src/lib/components/AlacrittyTerminal.svelte?t=1778835743683:324:28
[  418471ms] TypeError: terminal.ws_ready_state is not a function
    at http://localhost:5191/src/lib/components/AlacrittyTerminal.svelte?t=1778835743683:324:28
[  418721ms] TypeError: terminal.ws_ready_state is not a function
    at http://localhost:5191/src/lib/components/AlacrittyTerminal.svelte?t=1778835743683:324:28
[  418983ms] TypeError: terminal.ws_ready_state is not a function
    at http://localhost:5191/src/lib/components/AlacrittyTerminal.svelte?t=1778835743683:324:28
[  419221ms] TypeError: terminal.ws_ready_state is not a function
    at http://localhost:5191/src/lib/components/AlacrittyTerminal.svelte?t=1778835743683:324:28
[  419471ms] TypeError: terminal.ws_ready_state is not a function
    at http://localhost:5191/src/lib/components/AlacrittyTerminal.svelte?t=1778835743683:324:28
[  419721ms] TypeError: terminal.ws_ready_state is not a function
    at http://localhost:5191/src/lib/components/AlacrittyTerminal.svelte?t=1778835743683:324:28
[  419971ms] TypeError: terminal.ws_ready_state is not a function
    at http://localhost:5191/src/lib/components/AlacrittyTerminal.svelte?t=1778835743683:324:28
[  420221ms] TypeError: terminal.ws_ready_state is not a function
    at http://localhost:5191/src/lib/components/AlacrittyTerminal.svelte?t=1778835743683:324:28
[  420471ms] TypeError: terminal.ws_ready_state is not a function
    at http://localhost:5191/src/lib/components/AlacrittyTerminal.svelte?t=1778835743683:324:28
[  420721ms] TypeError: terminal.ws_ready_state is not a function
    at http://localhost:5191/src/lib/components/AlacrittyTerminal.svelte?t=1778835743683:324:28
[  420971ms] TypeError: terminal.ws_ready_state is not a function
    at http://localhost:5191/src/lib/components/AlacrittyTerminal.svelte?t=1778835743683:324:28
[  421221ms] TypeError: terminal.ws_ready_state is not a function
    at http://localhost:5191/src/lib/components/AlacrittyTerminal.svelte?t=1778835743683:324:28
[  421471ms] TypeError: terminal.ws_ready_state is not a function
    at http://localhost:5191/src/lib/components/AlacrittyTerminal.svelte?t=1778835743683:324:28
[  421721ms] TypeError: terminal.ws_ready_state is not a function
    at http://localhost:5191/src/lib/components/AlacrittyTerminal.svelte?t=1778835743683:324:28
[  421971ms] TypeError: terminal.ws_ready_state is not a function
    at http://localhost:5191/src/lib/components/AlacrittyTerminal.svelte?t=1778835743683:324:28
[  422221ms] TypeError: terminal.ws_ready_state is not a function
    at http://localhost:5191/src/lib/components/AlacrittyTerminal.svelte?t=1778835743683:324:28
[  422432ms] [INFO] Initializing AlacrittyTerminal @ http://localhost:5191/pkg/alacritty_web.js:1579
[  422436ms] [INFO] Canvas2D renderer[33]: cell=8x17, dpr=1, canvas=1148x574 @ http://localhost:5191/pkg/alacritty_web.js:1579
[  422436ms] [INFO] Initial grid: 143x33 @ http://localhost:5191/pkg/alacritty_web.js:1579
[  422437ms] [INFO] wgpu upgrade not requested, using Canvas 2D @ http://localhost:5191/pkg/alacritty_web.js:1579
[  422437ms] [INFO] Initializing AlacrittyTerminal @ http://localhost:5191/pkg/alacritty_web.js:1579
[  422439ms] [INFO] Canvas2D renderer[34]: cell=8x17, dpr=1, canvas=1148x574 @ http://localhost:5191/pkg/alacritty_web.js:1579
[  422439ms] [INFO] Initial grid: 143x33 @ http://localhost:5191/pkg/alacritty_web.js:1579
[  422439ms] [INFO] wgpu upgrade not requested, using Canvas 2D @ http://localhost:5191/pkg/alacritty_web.js:1579
[  422440ms] [INFO] Initializing AlacrittyTerminal @ http://localhost:5191/pkg/alacritty_web.js:1579
[  422442ms] [INFO] Canvas2D renderer[35]: cell=8x17, dpr=1, canvas=1148x574 @ http://localhost:5191/pkg/alacritty_web.js:1579
[  422442ms] [INFO] Initial grid: 143x33 @ http://localhost:5191/pkg/alacritty_web.js:1579
[  422442ms] [INFO] wgpu upgrade not requested, using Canvas 2D @ http://localhost:5191/pkg/alacritty_web.js:1579
[  422449ms] [LOG] WebSocket connection opened @ :2
[  422449ms] [ERROR] WebContainer init failed: Error: Only a single WebContainer instance can be booted
    at _WebContainer.boot (http://localhost:5191/node_modules/.vite/deps/@webcontainer_api.js?v=5aa1923c:1075:13)
    at async Module.track_reactivity_loss (http://localhost:5191/node_modules/.vite/deps/chunk-OHEKCY32.js?v=5aa1923c:1675:15)
    at async initWebContainer (http://localhost:5191/src/routes/+page.svelte?t=1778835756154:104:16) @ http://localhost:5191/src/routes/+page.svelte?t=1778835756154:146
[  422691ms] TypeError: terminal.ws_ready_state is not a function
    at http://localhost:5191/src/lib/components/AlacrittyTerminal.svelte?t=1778835743683:324:28
[  422941ms] TypeError: terminal.ws_ready_state is not a function
    at http://localhost:5191/src/lib/components/AlacrittyTerminal.svelte?t=1778835743683:324:28
[  422960ms] [INFO] Terminal title: me@centurion:~ @ http://localhost:5191/pkg/alacritty_web.js:1579
[  423190ms] TypeError: terminal.ws_ready_state is not a function
    at http://localhost:5191/src/lib/components/AlacrittyTerminal.svelte?t=1778835743683:324:28
[  423441ms] TypeError: terminal.ws_ready_state is not a function
    at http://localhost:5191/src/lib/components/AlacrittyTerminal.svelte?t=1778835743683:324:28
[  423690ms] TypeError: terminal.ws_ready_state is not a function
    at http://localhost:5191/src/lib/components/AlacrittyTerminal.svelte?t=1778835743683:324:28
[  423940ms] TypeError: terminal.ws_ready_state is not a function
    at http://localhost:5191/src/lib/components/AlacrittyTerminal.svelte?t=1778835743683:324:28
[  424190ms] TypeError: terminal.ws_ready_state is not a function
    at http://localhost:5191/src/lib/components/AlacrittyTerminal.svelte?t=1778835743683:324:28
[  424441ms] TypeError: terminal.ws_ready_state is not a function
    at http://localhost:5191/src/lib/components/AlacrittyTerminal.svelte?t=1778835743683:324:28
[  424690ms] TypeError: terminal.ws_ready_state is not a function
    at http://localhost:5191/src/lib/components/AlacrittyTerminal.svelte?t=1778835743683:324:28
[  424940ms] TypeError: terminal.ws_ready_state is not a function
    at http://localhost:5191/src/lib/components/AlacrittyTerminal.svelte?t=1778835743683:324:28
[  425190ms] TypeError: terminal.ws_ready_state is not a function
    at http://localhost:5191/src/lib/components/AlacrittyTerminal.svelte?t=1778835743683:324:28
[  425440ms] TypeError: terminal.ws_ready_state is not a function
    at http://localhost:5191/src/lib/components/AlacrittyTerminal.svelte?t=1778835743683:324:28
[  425691ms] TypeError: terminal.ws_ready_state is not a function
    at http://localhost:5191/src/lib/components/AlacrittyTerminal.svelte?t=1778835743683:324:28
[  425940ms] TypeError: terminal.ws_ready_state is not a function
    at http://localhost:5191/src/lib/components/AlacrittyTerminal.svelte?t=1778835743683:324:28
[  426190ms] TypeError: terminal.ws_ready_state is not a function
    at http://localhost:5191/src/lib/components/AlacrittyTerminal.svelte?t=1778835743683:324:28
[  426440ms] TypeError: terminal.ws_ready_state is not a function
    at http://localhost:5191/src/lib/components/AlacrittyTerminal.svelte?t=1778835743683:324:28
[  426690ms] TypeError: terminal.ws_ready_state is not a function
    at http://localhost:5191/src/lib/components/AlacrittyTerminal.svelte?t=1778835743683:324:28
[  426940ms] TypeError: terminal.ws_ready_state is not a function
    at http://localhost:5191/src/lib/components/AlacrittyTerminal.svelte?t=1778835743683:324:28
[  427191ms] TypeError: terminal.ws_ready_state is not a function
    at http://localhost:5191/src/lib/components/AlacrittyTerminal.svelte?t=1778835743683:324:28
[  427440ms] TypeError: terminal.ws_ready_state is not a function
    at http://localhost:5191/src/lib/components/AlacrittyTerminal.svelte?t=1778835743683:324:28
[  427693ms] TypeError: terminal.ws_ready_state is not a function
    at http://localhost:5191/src/lib/components/AlacrittyTerminal.svelte?t=1778835743683:324:28
[  427941ms] TypeError: terminal.ws_ready_state is not a function
    at http://localhost:5191/src/lib/components/AlacrittyTerminal.svelte?t=1778835743683:324:28
[  428190ms] TypeError: terminal.ws_ready_state is not a function
    at http://localhost:5191/src/lib/components/AlacrittyTerminal.svelte?t=1778835743683:324:28
[  428440ms] TypeError: terminal.ws_ready_state is not a function
    at http://localhost:5191/src/lib/components/AlacrittyTerminal.svelte?t=1778835743683:324:28
[  428690ms] TypeError: terminal.ws_ready_state is not a function
    at http://localhost:5191/src/lib/components/AlacrittyTerminal.svelte?t=1778835743683:324:28
[  428942ms] TypeError: terminal.ws_ready_state is not a function
    at http://localhost:5191/src/lib/components/AlacrittyTerminal.svelte?t=1778835743683:324:28
[  429191ms] TypeError: terminal.ws_ready_state is not a function
    at http://localhost:5191/src/lib/components/AlacrittyTerminal.svelte?t=1778835743683:324:28
[  429440ms] TypeError: terminal.ws_ready_state is not a function
    at http://localhost:5191/src/lib/components/AlacrittyTerminal.svelte?t=1778835743683:324:28
[  429691ms] TypeError: terminal.ws_ready_state is not a function
    at http://localhost:5191/src/lib/components/AlacrittyTerminal.svelte?t=1778835743683:324:28
[  429940ms] TypeError: terminal.ws_ready_state is not a function
    at http://localhost:5191/src/lib/components/AlacrittyTerminal.svelte?t=1778835743683:324:28
[  430191ms] TypeError: terminal.ws_ready_state is not a function
    at http://localhost:5191/src/lib/components/AlacrittyTerminal.svelte?t=1778835743683:324:28
[  430442ms] TypeError: terminal.ws_ready_state is not a function
    at http://localhost:5191/src/lib/components/AlacrittyTerminal.svelte?t=1778835743683:324:28
[  430690ms] TypeError: terminal.ws_ready_state is not a function
    at http://localhost:5191/src/lib/components/AlacrittyTerminal.svelte?t=1778835743683:324:28
[  430940ms] TypeError: terminal.ws_ready_state is not a function
    at http://localhost:5191/src/lib/components/AlacrittyTerminal.svelte?t=1778835743683:324:28
[  431190ms] TypeError: terminal.ws_ready_state is not a function
    at http://localhost:5191/src/lib/components/AlacrittyTerminal.svelte?t=1778835743683:324:28
[  431440ms] TypeError: terminal.ws_ready_state is not a function
    at http://localhost:5191/src/lib/components/AlacrittyTerminal.svelte?t=1778835743683:324:28
[  431691ms] TypeError: terminal.ws_ready_state is not a function
    at http://localhost:5191/src/lib/components/AlacrittyTerminal.svelte?t=1778835743683:324:28
[  431941ms] TypeError: terminal.ws_ready_state is not a function
    at http://localhost:5191/src/lib/components/AlacrittyTerminal.svelte?t=1778835743683:324:28
[  432190ms] TypeError: terminal.ws_ready_state is not a function
    at http://localhost:5191/src/lib/components/AlacrittyTerminal.svelte?t=1778835743683:324:28
[  432440ms] TypeError: terminal.ws_ready_state is not a function
    at http://localhost:5191/src/lib/components/AlacrittyTerminal.svelte?t=1778835743683:324:28
[  432690ms] TypeError: terminal.ws_ready_state is not a function
    at http://localhost:5191/src/lib/components/AlacrittyTerminal.svelte?t=1778835743683:324:28
[  432940ms] TypeError: terminal.ws_ready_state is not a function
    at http://localhost:5191/src/lib/components/AlacrittyTerminal.svelte?t=1778835743683:324:28
[  433192ms] TypeError: terminal.ws_ready_state is not a function
    at http://localhost:5191/src/lib/components/AlacrittyTerminal.svelte?t=1778835743683:324:28
[  433440ms] TypeError: terminal.ws_ready_state is not a function
    at http://localhost:5191/src/lib/components/AlacrittyTerminal.svelte?t=1778835743683:324:28
[  433695ms] TypeError: terminal.ws_ready_state is not a function
    at http://localhost:5191/src/lib/components/AlacrittyTerminal.svelte?t=1778835743683:324:28
[  433940ms] TypeError: terminal.ws_ready_state is not a function
    at http://localhost:5191/src/lib/components/AlacrittyTerminal.svelte?t=1778835743683:324:28
[  434190ms] TypeError: terminal.ws_ready_state is not a function
    at http://localhost:5191/src/lib/components/AlacrittyTerminal.svelte?t=1778835743683:324:28
[  434440ms] TypeError: terminal.ws_ready_state is not a function
    at http://localhost:5191/src/lib/components/AlacrittyTerminal.svelte?t=1778835743683:324:28
[  434690ms] TypeError: terminal.ws_ready_state is not a function
    at http://localhost:5191/src/lib/components/AlacrittyTerminal.svelte?t=1778835743683:324:28
[  434940ms] TypeError: terminal.ws_ready_state is not a function
    at http://localhost:5191/src/lib/components/AlacrittyTerminal.svelte?t=1778835743683:324:28
[  435190ms] TypeError: terminal.ws_ready_state is not a function
    at http://localhost:5191/src/lib/components/AlacrittyTerminal.svelte?t=1778835743683:324:28
[  435440ms] TypeError: terminal.ws_ready_state is not a function
    at http://localhost:5191/src/lib/components/AlacrittyTerminal.svelte?t=1778835743683:324:28
[  435690ms] TypeError: terminal.ws_ready_state is not a function
    at http://localhost:5191/src/lib/components/AlacrittyTerminal.svelte?t=1778835743683:324:28
[  435940ms] TypeError: terminal.ws_ready_state is not a function
    at http://localhost:5191/src/lib/components/AlacrittyTerminal.svelte?t=1778835743683:324:28
[  436190ms] TypeError: terminal.ws_ready_state is not a function
    at http://localhost:5191/src/lib/components/AlacrittyTerminal.svelte?t=1778835743683:324:28
[  436440ms] TypeError: terminal.ws_ready_state is not a function
    at http://localhost:5191/src/lib/components/AlacrittyTerminal.svelte?t=1778835743683:324:28
[  436690ms] TypeError: terminal.ws_ready_state is not a function
    at http://localhost:5191/src/lib/components/AlacrittyTerminal.svelte?t=1778835743683:324:28
[  436940ms] TypeError: terminal.ws_ready_state is not a function
    at http://localhost:5191/src/lib/components/AlacrittyTerminal.svelte?t=1778835743683:324:28
[  437190ms] TypeError: terminal.ws_ready_state is not a function
    at http://localhost:5191/src/lib/components/AlacrittyTerminal.svelte?t=1778835743683:324:28
[  437440ms] TypeError: terminal.ws_ready_state is not a function
    at http://localhost:5191/src/lib/components/AlacrittyTerminal.svelte?t=1778835743683:324:28
[  437690ms] TypeError: terminal.ws_ready_state is not a function
    at http://localhost:5191/src/lib/components/AlacrittyTerminal.svelte?t=1778835743683:324:28
[  437941ms] TypeError: terminal.ws_ready_state is not a function
    at http://localhost:5191/src/lib/components/AlacrittyTerminal.svelte?t=1778835743683:324:28
[  438190ms] TypeError: terminal.ws_ready_state is not a function
    at http://localhost:5191/src/lib/components/AlacrittyTerminal.svelte?t=1778835743683:324:28
[  438440ms] TypeError: terminal.ws_ready_state is not a function
    at http://localhost:5191/src/lib/components/AlacrittyTerminal.svelte?t=1778835743683:324:28
[  438690ms] TypeError: terminal.ws_ready_state is not a function
    at http://localhost:5191/src/lib/components/AlacrittyTerminal.svelte?t=1778835743683:324:28
[  438940ms] TypeError: terminal.ws_ready_state is not a function
    at http://localhost:5191/src/lib/components/AlacrittyTerminal.svelte?t=1778835743683:324:28
[  439190ms] TypeError: terminal.ws_ready_state is not a function
    at http://localhost:5191/src/lib/components/AlacrittyTerminal.svelte?t=1778835743683:324:28
[  439440ms] TypeError: terminal.ws_ready_state is not a function
    at http://localhost:5191/src/lib/components/AlacrittyTerminal.svelte?t=1778835743683:324:28
[  439690ms] TypeError: terminal.ws_ready_state is not a function
    at http://localhost:5191/src/lib/components/AlacrittyTerminal.svelte?t=1778835743683:324:28
[  439940ms] TypeError: terminal.ws_ready_state is not a function
    at http://localhost:5191/src/lib/components/AlacrittyTerminal.svelte?t=1778835743683:324:28
[  440190ms] TypeError: terminal.ws_ready_state is not a function
    at http://localhost:5191/src/lib/components/AlacrittyTerminal.svelte?t=1778835743683:324:28
[  440440ms] TypeError: terminal.ws_ready_state is not a function
    at http://localhost:5191/src/lib/components/AlacrittyTerminal.svelte?t=1778835743683:324:28
[  440690ms] TypeError: terminal.ws_ready_state is not a function
    at http://localhost:5191/src/lib/components/AlacrittyTerminal.svelte?t=1778835743683:324:28
[  440940ms] TypeError: terminal.ws_ready_state is not a function
    at http://localhost:5191/src/lib/components/AlacrittyTerminal.svelte?t=1778835743683:324:28
[  441190ms] TypeError: terminal.ws_ready_state is not a function
    at http://localhost:5191/src/lib/components/AlacrittyTerminal.svelte?t=1778835743683:324:28
[  441440ms] TypeError: terminal.ws_ready_state is not a function
    at http://localhost:5191/src/lib/components/AlacrittyTerminal.svelte?t=1778835743683:324:28
[  441690ms] TypeError: terminal.ws_ready_state is not a function
    at http://localhost:5191/src/lib/components/AlacrittyTerminal.svelte?t=1778835743683:324:28
[  441940ms] TypeError: terminal.ws_ready_state is not a function
    at http://localhost:5191/src/lib/components/AlacrittyTerminal.svelte?t=1778835743683:324:28
[  442190ms] TypeError: terminal.ws_ready_state is not a function
    at http://localhost:5191/src/lib/components/AlacrittyTerminal.svelte?t=1778835743683:324:28
[  442440ms] TypeError: terminal.ws_ready_state is not a function
    at http://localhost:5191/src/lib/components/AlacrittyTerminal.svelte?t=1778835743683:324:28
[  442690ms] TypeError: terminal.ws_ready_state is not a function
    at http://localhost:5191/src/lib/components/AlacrittyTerminal.svelte?t=1778835743683:324:28
[  442940ms] TypeError: terminal.ws_ready_state is not a function
    at http://localhost:5191/src/lib/components/AlacrittyTerminal.svelte?t=1778835743683:324:28
[  443190ms] TypeError: terminal.ws_ready_state is not a function
    at http://localhost:5191/src/lib/components/AlacrittyTerminal.svelte?t=1778835743683:324:28
[  443440ms] TypeError: terminal.ws_ready_state is not a function
    at http://localhost:5191/src/lib/components/AlacrittyTerminal.svelte?t=1778835743683:324:28
[  443690ms] TypeError: terminal.ws_ready_state is not a function
    at http://localhost:5191/src/lib/components/AlacrittyTerminal.svelte?t=1778835743683:324:28
[  443940ms] TypeError: terminal.ws_ready_state is not a function
    at http://localhost:5191/src/lib/components/AlacrittyTerminal.svelte?t=1778835743683:324:28
[  444190ms] TypeError: terminal.ws_ready_state is not a function
    at http://localhost:5191/src/lib/components/AlacrittyTerminal.svelte?t=1778835743683:324:28
[  444440ms] TypeError: terminal.ws_ready_state is not a function
    at http://localhost:5191/src/lib/components/AlacrittyTerminal.svelte?t=1778835743683:324:28
[  444690ms] TypeError: terminal.ws_ready_state is not a function
    at http://localhost:5191/src/lib/components/AlacrittyTerminal.svelte?t=1778835743683:324:28
[  444940ms] TypeError: terminal.ws_ready_state is not a function
    at http://localhost:5191/src/lib/components/AlacrittyTerminal.svelte?t=1778835743683:324:28
[  445017ms] [INFO] Initializing AlacrittyTerminal @ http://localhost:5191/pkg/alacritty_web.js:1579
[  445019ms] [INFO] Canvas2D renderer[36]: cell=8x17, dpr=1, canvas=1148x574 @ http://localhost:5191/pkg/alacritty_web.js:1579
[  445019ms] [INFO] Initial grid: 143x33 @ http://localhost:5191/pkg/alacritty_web.js:1579
[  445020ms] [INFO] wgpu upgrade not requested, using Canvas 2D @ http://localhost:5191/pkg/alacritty_web.js:1579
[  445020ms] [INFO] Initializing AlacrittyTerminal @ http://localhost:5191/pkg/alacritty_web.js:1579
[  445021ms] [INFO] Canvas2D renderer[37]: cell=8x17, dpr=1, canvas=1148x574 @ http://localhost:5191/pkg/alacritty_web.js:1579
[  445021ms] [INFO] Initial grid: 143x33 @ http://localhost:5191/pkg/alacritty_web.js:1579
[  445022ms] [INFO] wgpu upgrade not requested, using Canvas 2D @ http://localhost:5191/pkg/alacritty_web.js:1579
[  445022ms] [INFO] Initializing AlacrittyTerminal @ http://localhost:5191/pkg/alacritty_web.js:1579
[  445024ms] [INFO] Canvas2D renderer[38]: cell=8x17, dpr=1, canvas=1148x574 @ http://localhost:5191/pkg/alacritty_web.js:1579
[  445024ms] [INFO] Initial grid: 143x33 @ http://localhost:5191/pkg/alacritty_web.js:1579
[  445024ms] [INFO] wgpu upgrade not requested, using Canvas 2D @ http://localhost:5191/pkg/alacritty_web.js:1579
[  445030ms] [LOG] WebSocket connection opened @ :2
[  445030ms] [ERROR] WebContainer init failed: Error: Only a single WebContainer instance can be booted
    at _WebContainer.boot (http://localhost:5191/node_modules/.vite/deps/@webcontainer_api.js?v=5aa1923c:1075:13)
    at async Module.track_reactivity_loss (http://localhost:5191/node_modules/.vite/deps/chunk-OHEKCY32.js?v=5aa1923c:1675:15)
    at async initWebContainer (http://localhost:5191/src/routes/+page.svelte?t=1778835778748:104:16) @ http://localhost:5191/src/routes/+page.svelte?t=1778835778748:146
[  445273ms] TypeError: terminal.ws_ready_state is not a function
    at http://localhost:5191/src/lib/components/AlacrittyTerminal.svelte?t=1778835743683:324:28
[  445528ms] TypeError: terminal.ws_ready_state is not a function
    at http://localhost:5191/src/lib/components/AlacrittyTerminal.svelte?t=1778835743683:324:28
[  445555ms] [INFO] Terminal title: me@centurion:~ @ http://localhost:5191/pkg/alacritty_web.js:1579
[  445772ms] TypeError: terminal.ws_ready_state is not a function
    at http://localhost:5191/src/lib/components/AlacrittyTerminal.svelte?t=1778835743683:324:28
[  446022ms] TypeError: terminal.ws_ready_state is not a function
    at http://localhost:5191/src/lib/components/AlacrittyTerminal.svelte?t=1778835743683:324:28
[  446273ms] TypeError: terminal.ws_ready_state is not a function
    at http://localhost:5191/src/lib/components/AlacrittyTerminal.svelte?t=1778835743683:324:28
[  446523ms] TypeError: terminal.ws_ready_state is not a function
    at http://localhost:5191/src/lib/components/AlacrittyTerminal.svelte?t=1778835743683:324:28
[  446776ms] TypeError: terminal.ws_ready_state is not a function
    at http://localhost:5191/src/lib/components/AlacrittyTerminal.svelte?t=1778835743683:324:28
[  447023ms] TypeError: terminal.ws_ready_state is not a function
    at http://localhost:5191/src/lib/components/AlacrittyTerminal.svelte?t=1778835743683:324:28
[  447273ms] TypeError: terminal.ws_ready_state is not a function
    at http://localhost:5191/src/lib/components/AlacrittyTerminal.svelte?t=1778835743683:324:28
[  447523ms] TypeError: terminal.ws_ready_state is not a function
    at http://localhost:5191/src/lib/components/AlacrittyTerminal.svelte?t=1778835743683:324:28
[  447773ms] TypeError: terminal.ws_ready_state is not a function
    at http://localhost:5191/src/lib/components/AlacrittyTerminal.svelte?t=1778835743683:324:28
[  448023ms] TypeError: terminal.ws_ready_state is not a function
    at http://localhost:5191/src/lib/components/AlacrittyTerminal.svelte?t=1778835743683:324:28
[  448272ms] TypeError: terminal.ws_ready_state is not a function
    at http://localhost:5191/src/lib/components/AlacrittyTerminal.svelte?t=1778835743683:324:28
[  448522ms] TypeError: terminal.ws_ready_state is not a function
    at http://localhost:5191/src/lib/components/AlacrittyTerminal.svelte?t=1778835743683:324:28
[  448772ms] TypeError: terminal.ws_ready_state is not a function
    at http://localhost:5191/src/lib/components/AlacrittyTerminal.svelte?t=1778835743683:324:28
[  449022ms] TypeError: terminal.ws_ready_state is not a function
    at http://localhost:5191/src/lib/components/AlacrittyTerminal.svelte?t=1778835743683:324:28
[  449272ms] TypeError: terminal.ws_ready_state is not a function
    at http://localhost:5191/src/lib/components/AlacrittyTerminal.svelte?t=1778835743683:324:28
[  449523ms] TypeError: terminal.ws_ready_state is not a function
    at http://localhost:5191/src/lib/components/AlacrittyTerminal.svelte?t=1778835743683:324:28
[  449772ms] TypeError: terminal.ws_ready_state is not a function
    at http://localhost:5191/src/lib/components/AlacrittyTerminal.svelte?t=1778835743683:324:28
[  450022ms] TypeError: terminal.ws_ready_state is not a function
    at http://localhost:5191/src/lib/components/AlacrittyTerminal.svelte?t=1778835743683:324:28
[  450272ms] TypeError: terminal.ws_ready_state is not a function
    at http://localhost:5191/src/lib/components/AlacrittyTerminal.svelte?t=1778835743683:324:28
[  450522ms] TypeError: terminal.ws_ready_state is not a function
    at http://localhost:5191/src/lib/components/AlacrittyTerminal.svelte?t=1778835743683:324:28
[  450773ms] TypeError: terminal.ws_ready_state is not a function
    at http://localhost:5191/src/lib/components/AlacrittyTerminal.svelte?t=1778835743683:324:28
[  451022ms] TypeError: terminal.ws_ready_state is not a function
    at http://localhost:5191/src/lib/components/AlacrittyTerminal.svelte?t=1778835743683:324:28
[  451273ms] TypeError: terminal.ws_ready_state is not a function
    at http://localhost:5191/src/lib/components/AlacrittyTerminal.svelte?t=1778835743683:324:28
[  451523ms] TypeError: terminal.ws_ready_state is not a function
    at http://localhost:5191/src/lib/components/AlacrittyTerminal.svelte?t=1778835743683:324:28
[  451773ms] TypeError: terminal.ws_ready_state is not a function
    at http://localhost:5191/src/lib/components/AlacrittyTerminal.svelte?t=1778835743683:324:28
[  452022ms] TypeError: terminal.ws_ready_state is not a function
    at http://localhost:5191/src/lib/components/AlacrittyTerminal.svelte?t=1778835743683:324:28
[  452272ms] TypeError: terminal.ws_ready_state is not a function
    at http://localhost:5191/src/lib/components/AlacrittyTerminal.svelte?t=1778835743683:324:28
[  452522ms] TypeError: terminal.ws_ready_state is not a function
    at http://localhost:5191/src/lib/components/AlacrittyTerminal.svelte?t=1778835743683:324:28
[  452772ms] TypeError: terminal.ws_ready_state is not a function
    at http://localhost:5191/src/lib/components/AlacrittyTerminal.svelte?t=1778835743683:324:28
[  453022ms] TypeError: terminal.ws_ready_state is not a function
    at http://localhost:5191/src/lib/components/AlacrittyTerminal.svelte?t=1778835743683:324:28
[  453273ms] TypeError: terminal.ws_ready_state is not a function
    at http://localhost:5191/src/lib/components/AlacrittyTerminal.svelte?t=1778835743683:324:28
[  453523ms] TypeError: terminal.ws_ready_state is not a function
    at http://localhost:5191/src/lib/components/AlacrittyTerminal.svelte?t=1778835743683:324:28
[  453773ms] TypeError: terminal.ws_ready_state is not a function
    at http://localhost:5191/src/lib/components/AlacrittyTerminal.svelte?t=1778835743683:324:28
[  454023ms] TypeError: terminal.ws_ready_state is not a function
    at http://localhost:5191/src/lib/components/AlacrittyTerminal.svelte?t=1778835743683:324:28
[  454273ms] TypeError: terminal.ws_ready_state is not a function
    at http://localhost:5191/src/lib/components/AlacrittyTerminal.svelte?t=1778835743683:324:28
[  454523ms] TypeError: terminal.ws_ready_state is not a function
    at http://localhost:5191/src/lib/components/AlacrittyTerminal.svelte?t=1778835743683:324:28
[  454772ms] TypeError: terminal.ws_ready_state is not a function
    at http://localhost:5191/src/lib/components/AlacrittyTerminal.svelte?t=1778835743683:324:28
[  455022ms] TypeError: terminal.ws_ready_state is not a function
    at http://localhost:5191/src/lib/components/AlacrittyTerminal.svelte?t=1778835743683:324:28
[  455272ms] TypeError: terminal.ws_ready_state is not a function
    at http://localhost:5191/src/lib/components/AlacrittyTerminal.svelte?t=1778835743683:324:28
[  455522ms] TypeError: terminal.ws_ready_state is not a function
    at http://localhost:5191/src/lib/components/AlacrittyTerminal.svelte?t=1778835743683:324:28
[  455776ms] TypeError: terminal.ws_ready_state is not a function
    at http://localhost:5191/src/lib/components/AlacrittyTerminal.svelte?t=1778835743683:324:28
[  456023ms] TypeError: terminal.ws_ready_state is not a function
    at http://localhost:5191/src/lib/components/AlacrittyTerminal.svelte?t=1778835743683:324:28
[  456280ms] TypeError: terminal.ws_ready_state is not a function
    at http://localhost:5191/src/lib/components/AlacrittyTerminal.svelte?t=1778835743683:324:28
[  456522ms] TypeError: terminal.ws_ready_state is not a function
    at http://localhost:5191/src/lib/components/AlacrittyTerminal.svelte?t=1778835743683:324:28
[  456773ms] TypeError: terminal.ws_ready_state is not a function
    at http://localhost:5191/src/lib/components/AlacrittyTerminal.svelte?t=1778835743683:324:28
[  457023ms] TypeError: terminal.ws_ready_state is not a function
    at http://localhost:5191/src/lib/components/AlacrittyTerminal.svelte?t=1778835743683:324:28
[  457273ms] TypeError: terminal.ws_ready_state is not a function
    at http://localhost:5191/src/lib/components/AlacrittyTerminal.svelte?t=1778835743683:324:28
[  457523ms] TypeError: terminal.ws_ready_state is not a function
    at http://localhost:5191/src/lib/components/AlacrittyTerminal.svelte?t=1778835743683:324:28
[  457772ms] TypeError: terminal.ws_ready_state is not a function
    at http://localhost:5191/src/lib/components/AlacrittyTerminal.svelte?t=1778835743683:324:28
[  458023ms] TypeError: terminal.ws_ready_state is not a function
    at http://localhost:5191/src/lib/components/AlacrittyTerminal.svelte?t=1778835743683:324:28
[  458273ms] TypeError: terminal.ws_ready_state is not a function
    at http://localhost:5191/src/lib/components/AlacrittyTerminal.svelte?t=1778835743683:324:28
[  458523ms] TypeError: terminal.ws_ready_state is not a function
    at http://localhost:5191/src/lib/components/AlacrittyTerminal.svelte?t=1778835743683:324:28
[  458773ms] TypeError: terminal.ws_ready_state is not a function
    at http://localhost:5191/src/lib/components/AlacrittyTerminal.svelte?t=1778835743683:324:28
[  459022ms] TypeError: terminal.ws_ready_state is not a function
    at http://localhost:5191/src/lib/components/AlacrittyTerminal.svelte?t=1778835743683:324:28
[  459272ms] TypeError: terminal.ws_ready_state is not a function
    at http://localhost:5191/src/lib/components/AlacrittyTerminal.svelte?t=1778835743683:324:28
[  459522ms] TypeError: terminal.ws_ready_state is not a function
    at http://localhost:5191/src/lib/components/AlacrittyTerminal.svelte?t=1778835743683:324:28
[  459772ms] TypeError: terminal.ws_ready_state is not a function
    at http://localhost:5191/src/lib/components/AlacrittyTerminal.svelte?t=1778835743683:324:28
[  460023ms] TypeError: terminal.ws_ready_state is not a function
    at http://localhost:5191/src/lib/components/AlacrittyTerminal.svelte?t=1778835743683:324:28
[  460273ms] TypeError: terminal.ws_ready_state is not a function
    at http://localhost:5191/src/lib/components/AlacrittyTerminal.svelte?t=1778835743683:324:28
[  460522ms] TypeError: terminal.ws_ready_state is not a function
    at http://localhost:5191/src/lib/components/AlacrittyTerminal.svelte?t=1778835743683:324:28
[  460773ms] TypeError: terminal.ws_ready_state is not a function
    at http://localhost:5191/src/lib/components/AlacrittyTerminal.svelte?t=1778835743683:324:28
[  461023ms] TypeError: terminal.ws_ready_state is not a function
    at http://localhost:5191/src/lib/components/AlacrittyTerminal.svelte?t=1778835743683:324:28
[  461273ms] TypeError: terminal.ws_ready_state is not a function
    at http://localhost:5191/src/lib/components/AlacrittyTerminal.svelte?t=1778835743683:324:28
[  461522ms] TypeError: terminal.ws_ready_state is not a function
    at http://localhost:5191/src/lib/components/AlacrittyTerminal.svelte?t=1778835743683:324:28
[  461772ms] TypeError: terminal.ws_ready_state is not a function
    at http://localhost:5191/src/lib/components/AlacrittyTerminal.svelte?t=1778835743683:324:28
[  462023ms] TypeError: terminal.ws_ready_state is not a function
    at http://localhost:5191/src/lib/components/AlacrittyTerminal.svelte?t=1778835743683:324:28
[  462273ms] TypeError: terminal.ws_ready_state is not a function
    at http://localhost:5191/src/lib/components/AlacrittyTerminal.svelte?t=1778835743683:324:28
[  462522ms] TypeError: terminal.ws_ready_state is not a function
    at http://localhost:5191/src/lib/components/AlacrittyTerminal.svelte?t=1778835743683:324:28
[  462772ms] TypeError: terminal.ws_ready_state is not a function
    at http://localhost:5191/src/lib/components/AlacrittyTerminal.svelte?t=1778835743683:324:28
[  463023ms] TypeError: terminal.ws_ready_state is not a function
    at http://localhost:5191/src/lib/components/AlacrittyTerminal.svelte?t=1778835743683:324:28
[  463272ms] TypeError: terminal.ws_ready_state is not a function
    at http://localhost:5191/src/lib/components/AlacrittyTerminal.svelte?t=1778835743683:324:28
[  463522ms] TypeError: terminal.ws_ready_state is not a function
    at http://localhost:5191/src/lib/components/AlacrittyTerminal.svelte?t=1778835743683:324:28
[  463773ms] TypeError: terminal.ws_ready_state is not a function
    at http://localhost:5191/src/lib/components/AlacrittyTerminal.svelte?t=1778835743683:324:28
[  464022ms] TypeError: terminal.ws_ready_state is not a function
    at http://localhost:5191/src/lib/components/AlacrittyTerminal.svelte?t=1778835743683:324:28
[  464272ms] TypeError: terminal.ws_ready_state is not a function
    at http://localhost:5191/src/lib/components/AlacrittyTerminal.svelte?t=1778835743683:324:28
[  464522ms] TypeError: terminal.ws_ready_state is not a function
    at http://localhost:5191/src/lib/components/AlacrittyTerminal.svelte?t=1778835743683:324:28
[  464772ms] TypeError: terminal.ws_ready_state is not a function
    at http://localhost:5191/src/lib/components/AlacrittyTerminal.svelte?t=1778835743683:324:28
[  465022ms] TypeError: terminal.ws_ready_state is not a function
    at http://localhost:5191/src/lib/components/AlacrittyTerminal.svelte?t=1778835743683:324:28
[  465273ms] TypeError: terminal.ws_ready_state is not a function
    at http://localhost:5191/src/lib/components/AlacrittyTerminal.svelte?t=1778835743683:324:28
[  465522ms] TypeError: terminal.ws_ready_state is not a function
    at http://localhost:5191/src/lib/components/AlacrittyTerminal.svelte?t=1778835743683:324:28
[  465772ms] TypeError: terminal.ws_ready_state is not a function
    at http://localhost:5191/src/lib/components/AlacrittyTerminal.svelte?t=1778835743683:324:28
[  466022ms] TypeError: terminal.ws_ready_state is not a function
    at http://localhost:5191/src/lib/components/AlacrittyTerminal.svelte?t=1778835743683:324:28
[  466273ms] TypeError: terminal.ws_ready_state is not a function
    at http://localhost:5191/src/lib/components/AlacrittyTerminal.svelte?t=1778835743683:324:28
[  466522ms] TypeError: terminal.ws_ready_state is not a function
    at http://localhost:5191/src/lib/components/AlacrittyTerminal.svelte?t=1778835743683:324:28
[  466772ms] TypeError: terminal.ws_ready_state is not a function
    at http://localhost:5191/src/lib/components/AlacrittyTerminal.svelte?t=1778835743683:324:28
[  467022ms] TypeError: terminal.ws_ready_state is not a function
    at http://localhost:5191/src/lib/components/AlacrittyTerminal.svelte?t=1778835743683:324:28
[  467273ms] TypeError: terminal.ws_ready_state is not a function
    at http://localhost:5191/src/lib/components/AlacrittyTerminal.svelte?t=1778835743683:324:28
[  467523ms] TypeError: terminal.ws_ready_state is not a function
    at http://localhost:5191/src/lib/components/AlacrittyTerminal.svelte?t=1778835743683:324:28
[  467772ms] TypeError: terminal.ws_ready_state is not a function
    at http://localhost:5191/src/lib/components/AlacrittyTerminal.svelte?t=1778835743683:324:28
[  468023ms] TypeError: terminal.ws_ready_state is not a function
    at http://localhost:5191/src/lib/components/AlacrittyTerminal.svelte?t=1778835743683:324:28
[  468272ms] TypeError: terminal.ws_ready_state is not a function
    at http://localhost:5191/src/lib/components/AlacrittyTerminal.svelte?t=1778835743683:324:28
[  468522ms] TypeError: terminal.ws_ready_state is not a function
    at http://localhost:5191/src/lib/components/AlacrittyTerminal.svelte?t=1778835743683:324:28
[  468772ms] TypeError: terminal.ws_ready_state is not a function
    at http://localhost:5191/src/lib/components/AlacrittyTerminal.svelte?t=1778835743683:324:28
[  469023ms] TypeError: terminal.ws_ready_state is not a function
    at http://localhost:5191/src/lib/components/AlacrittyTerminal.svelte?t=1778835743683:324:28
[  469273ms] TypeError: terminal.ws_ready_state is not a function
    at http://localhost:5191/src/lib/components/AlacrittyTerminal.svelte?t=1778835743683:324:28
[  469522ms] TypeError: terminal.ws_ready_state is not a function
    at http://localhost:5191/src/lib/components/AlacrittyTerminal.svelte?t=1778835743683:324:28
[  469773ms] TypeError: terminal.ws_ready_state is not a function
    at http://localhost:5191/src/lib/components/AlacrittyTerminal.svelte?t=1778835743683:324:28
[  470023ms] TypeError: terminal.ws_ready_state is not a function
    at http://localhost:5191/src/lib/components/AlacrittyTerminal.svelte?t=1778835743683:324:28
[  470273ms] TypeError: terminal.ws_ready_state is not a function
    at http://localhost:5191/src/lib/components/AlacrittyTerminal.svelte?t=1778835743683:324:28
[  470523ms] TypeError: terminal.ws_ready_state is not a function
    at http://localhost:5191/src/lib/components/AlacrittyTerminal.svelte?t=1778835743683:324:28
[  470773ms] TypeError: terminal.ws_ready_state is not a function
    at http://localhost:5191/src/lib/components/AlacrittyTerminal.svelte?t=1778835743683:324:28
[  471023ms] TypeError: terminal.ws_ready_state is not a function
    at http://localhost:5191/src/lib/components/AlacrittyTerminal.svelte?t=1778835743683:324:28
[  471273ms] TypeError: terminal.ws_ready_state is not a function
    at http://localhost:5191/src/lib/components/AlacrittyTerminal.svelte?t=1778835743683:324:28
[  471523ms] TypeError: terminal.ws_ready_state is not a function
    at http://localhost:5191/src/lib/components/AlacrittyTerminal.svelte?t=1778835743683:324:28
[  471773ms] TypeError: terminal.ws_ready_state is not a function
    at http://localhost:5191/src/lib/components/AlacrittyTerminal.svelte?t=1778835743683:324:28
[  472022ms] TypeError: terminal.ws_ready_state is not a function
    at http://localhost:5191/src/lib/components/AlacrittyTerminal.svelte?t=1778835743683:324:28
[  472272ms] TypeError: terminal.ws_ready_state is not a function
    at http://localhost:5191/src/lib/components/AlacrittyTerminal.svelte?t=1778835743683:324:28
[  472523ms] TypeError: terminal.ws_ready_state is not a function
    at http://localhost:5191/src/lib/components/AlacrittyTerminal.svelte?t=1778835743683:324:28
[  472773ms] TypeError: terminal.ws_ready_state is not a function
    at http://localhost:5191/src/lib/components/AlacrittyTerminal.svelte?t=1778835743683:324:28
[  473023ms] TypeError: terminal.ws_ready_state is not a function
    at http://localhost:5191/src/lib/components/AlacrittyTerminal.svelte?t=1778835743683:324:28
[  473273ms] TypeError: terminal.ws_ready_state is not a function
    at http://localhost:5191/src/lib/components/AlacrittyTerminal.svelte?t=1778835743683:324:28
[  473523ms] TypeError: terminal.ws_ready_state is not a function
    at http://localhost:5191/src/lib/components/AlacrittyTerminal.svelte?t=1778835743683:324:28
[  473773ms] TypeError: terminal.ws_ready_state is not a function
    at http://localhost:5191/src/lib/components/AlacrittyTerminal.svelte?t=1778835743683:324:28
[  474023ms] TypeError: terminal.ws_ready_state is not a function
    at http://localhost:5191/src/lib/components/AlacrittyTerminal.svelte?t=1778835743683:324:28
[  474273ms] TypeError: terminal.ws_ready_state is not a function
    at http://localhost:5191/src/lib/components/AlacrittyTerminal.svelte?t=1778835743683:324:28
[  474522ms] TypeError: terminal.ws_ready_state is not a function
    at http://localhost:5191/src/lib/components/AlacrittyTerminal.svelte?t=1778835743683:324:28
[  474773ms] TypeError: terminal.ws_ready_state is not a function
    at http://localhost:5191/src/lib/components/AlacrittyTerminal.svelte?t=1778835743683:324:28
[  475023ms] TypeError: terminal.ws_ready_state is not a function
    at http://localhost:5191/src/lib/components/AlacrittyTerminal.svelte?t=1778835743683:324:28
[  475273ms] TypeError: terminal.ws_ready_state is not a function
    at http://localhost:5191/src/lib/components/AlacrittyTerminal.svelte?t=1778835743683:324:28
[  475523ms] TypeError: terminal.ws_ready_state is not a function
    at http://localhost:5191/src/lib/components/AlacrittyTerminal.svelte?t=1778835743683:324:28
[  475773ms] TypeError: terminal.ws_ready_state is not a function
    at http://localhost:5191/src/lib/components/AlacrittyTerminal.svelte?t=1778835743683:324:28
[  476023ms] TypeError: terminal.ws_ready_state is not a function
    at http://localhost:5191/src/lib/components/AlacrittyTerminal.svelte?t=1778835743683:324:28
[  476273ms] TypeError: terminal.ws_ready_state is not a function
    at http://localhost:5191/src/lib/components/AlacrittyTerminal.svelte?t=1778835743683:324:28
[  476523ms] TypeError: terminal.ws_ready_state is not a function
    at http://localhost:5191/src/lib/components/AlacrittyTerminal.svelte?t=1778835743683:324:28
[  476773ms] TypeError: terminal.ws_ready_state is not a function
    at http://localhost:5191/src/lib/components/AlacrittyTerminal.svelte?t=1778835743683:324:28
[  477023ms] TypeError: terminal.ws_ready_state is not a function
    at http://localhost:5191/src/lib/components/AlacrittyTerminal.svelte?t=1778835743683:324:28
[  477273ms] TypeError: terminal.ws_ready_state is not a function
    at http://localhost:5191/src/lib/components/AlacrittyTerminal.svelte?t=1778835743683:324:28
[  477523ms] TypeError: terminal.ws_ready_state is not a function
    at http://localhost:5191/src/lib/components/AlacrittyTerminal.svelte?t=1778835743683:324:28
[  477773ms] TypeError: terminal.ws_ready_state is not a function
    at http://localhost:5191/src/lib/components/AlacrittyTerminal.svelte?t=1778835743683:324:28
[  478023ms] TypeError: terminal.ws_ready_state is not a function
    at http://localhost:5191/src/lib/components/AlacrittyTerminal.svelte?t=1778835743683:324:28
[  478273ms] TypeError: terminal.ws_ready_state is not a function
    at http://localhost:5191/src/lib/components/AlacrittyTerminal.svelte?t=1778835743683:324:28
[  478523ms] TypeError: terminal.ws_ready_state is not a function
    at http://localhost:5191/src/lib/components/AlacrittyTerminal.svelte?t=1778835743683:324:28
[  478772ms] TypeError: terminal.ws_ready_state is not a function
    at http://localhost:5191/src/lib/components/AlacrittyTerminal.svelte?t=1778835743683:324:28
[  479023ms] TypeError: terminal.ws_ready_state is not a function
    at http://localhost:5191/src/lib/components/AlacrittyTerminal.svelte?t=1778835743683:324:28
[  479272ms] TypeError: terminal.ws_ready_state is not a function
    at http://localhost:5191/src/lib/components/AlacrittyTerminal.svelte?t=1778835743683:324:28
[  479523ms] TypeError: terminal.ws_ready_state is not a function
    at http://localhost:5191/src/lib/components/AlacrittyTerminal.svelte?t=1778835743683:324:28
[  479773ms] TypeError: terminal.ws_ready_state is not a function
    at http://localhost:5191/src/lib/components/AlacrittyTerminal.svelte?t=1778835743683:324:28
[  480022ms] TypeError: terminal.ws_ready_state is not a function
    at http://localhost:5191/src/lib/components/AlacrittyTerminal.svelte?t=1778835743683:324:28
[  480273ms] TypeError: terminal.ws_ready_state is not a function
    at http://localhost:5191/src/lib/components/AlacrittyTerminal.svelte?t=1778835743683:324:28
[  480522ms] TypeError: terminal.ws_ready_state is not a function
    at http://localhost:5191/src/lib/components/AlacrittyTerminal.svelte?t=1778835743683:324:28
[  480773ms] TypeError: terminal.ws_ready_state is not a function
    at http://localhost:5191/src/lib/components/AlacrittyTerminal.svelte?t=1778835743683:324:28
[  481023ms] TypeError: terminal.ws_ready_state is not a function
    at http://localhost:5191/src/lib/components/AlacrittyTerminal.svelte?t=1778835743683:324:28
[  481272ms] TypeError: terminal.ws_ready_state is not a function
    at http://localhost:5191/src/lib/components/AlacrittyTerminal.svelte?t=1778835743683:324:28
[  481523ms] TypeError: terminal.ws_ready_state is not a function
    at http://localhost:5191/src/lib/components/AlacrittyTerminal.svelte?t=1778835743683:324:28
[  481773ms] TypeError: terminal.ws_ready_state is not a function
    at http://localhost:5191/src/lib/components/AlacrittyTerminal.svelte?t=1778835743683:324:28
[  482023ms] TypeError: terminal.ws_ready_state is not a function
    at http://localhost:5191/src/lib/components/AlacrittyTerminal.svelte?t=1778835743683:324:28
[  482273ms] TypeError: terminal.ws_ready_state is not a function
    at http://localhost:5191/src/lib/components/AlacrittyTerminal.svelte?t=1778835743683:324:28
[  482522ms] TypeError: terminal.ws_ready_state is not a function
    at http://localhost:5191/src/lib/components/AlacrittyTerminal.svelte?t=1778835743683:324:28
[  482773ms] TypeError: terminal.ws_ready_state is not a function
    at http://localhost:5191/src/lib/components/AlacrittyTerminal.svelte?t=1778835743683:324:28
[  483022ms] TypeError: terminal.ws_ready_state is not a function
    at http://localhost:5191/src/lib/components/AlacrittyTerminal.svelte?t=1778835743683:324:28
[  483272ms] TypeError: terminal.ws_ready_state is not a function
    at http://localhost:5191/src/lib/components/AlacrittyTerminal.svelte?t=1778835743683:324:28
[  483523ms] TypeError: terminal.ws_ready_state is not a function
    at http://localhost:5191/src/lib/components/AlacrittyTerminal.svelte?t=1778835743683:324:28
[  483772ms] TypeError: terminal.ws_ready_state is not a function
    at http://localhost:5191/src/lib/components/AlacrittyTerminal.svelte?t=1778835743683:324:28
[  483902ms] [INFO] Terminal title: me@centurion:~ @ http://localhost:5191/pkg/alacritty_web.js:1579
[  484023ms] TypeError: terminal.ws_ready_state is not a function
    at http://localhost:5191/src/lib/components/AlacrittyTerminal.svelte?t=1778835743683:324:28
[  484272ms] TypeError: terminal.ws_ready_state is not a function
    at http://localhost:5191/src/lib/components/AlacrittyTerminal.svelte?t=1778835743683:324:28
[  484523ms] TypeError: terminal.ws_ready_state is not a function
    at http://localhost:5191/src/lib/components/AlacrittyTerminal.svelte?t=1778835743683:324:28
[  484773ms] TypeError: terminal.ws_ready_state is not a function
    at http://localhost:5191/src/lib/components/AlacrittyTerminal.svelte?t=1778835743683:324:28
[  485022ms] TypeError: terminal.ws_ready_state is not a function
    at http://localhost:5191/src/lib/components/AlacrittyTerminal.svelte?t=1778835743683:324:28
[  485272ms] TypeError: terminal.ws_ready_state is not a function
    at http://localhost:5191/src/lib/components/AlacrittyTerminal.svelte?t=1778835743683:324:28
[  485523ms] TypeError: terminal.ws_ready_state is not a function
    at http://localhost:5191/src/lib/components/AlacrittyTerminal.svelte?t=1778835743683:324:28
[  485773ms] TypeError: terminal.ws_ready_state is not a function
    at http://localhost:5191/src/lib/components/AlacrittyTerminal.svelte?t=1778835743683:324:28
[  486022ms] TypeError: terminal.ws_ready_state is not a function
    at http://localhost:5191/src/lib/components/AlacrittyTerminal.svelte?t=1778835743683:324:28
[  486274ms] TypeError: terminal.ws_ready_state is not a function
    at http://localhost:5191/src/lib/components/AlacrittyTerminal.svelte?t=1778835743683:324:28
[  486523ms] TypeError: terminal.ws_ready_state is not a function
    at http://localhost:5191/src/lib/components/AlacrittyTerminal.svelte?t=1778835743683:324:28
[  486772ms] TypeError: terminal.ws_ready_state is not a function
    at http://localhost:5191/src/lib/components/AlacrittyTerminal.svelte?t=1778835743683:324:28
[  487023ms] TypeError: terminal.ws_ready_state is not a function
    at http://localhost:5191/src/lib/components/AlacrittyTerminal.svelte?t=1778835743683:324:28
[  487273ms] TypeError: terminal.ws_ready_state is not a function
    at http://localhost:5191/src/lib/components/AlacrittyTerminal.svelte?t=1778835743683:324:28
[  487523ms] TypeError: terminal.ws_ready_state is not a function
    at http://localhost:5191/src/lib/components/AlacrittyTerminal.svelte?t=1778835743683:324:28
[  487772ms] TypeError: terminal.ws_ready_state is not a function
    at http://localhost:5191/src/lib/components/AlacrittyTerminal.svelte?t=1778835743683:324:28
[  488023ms] TypeError: terminal.ws_ready_state is not a function
    at http://localhost:5191/src/lib/components/AlacrittyTerminal.svelte?t=1778835743683:324:28
[  488272ms] TypeError: terminal.ws_ready_state is not a function
    at http://localhost:5191/src/lib/components/AlacrittyTerminal.svelte?t=1778835743683:324:28
[  488523ms] TypeError: terminal.ws_ready_state is not a function
    at http://localhost:5191/src/lib/components/AlacrittyTerminal.svelte?t=1778835743683:324:28
[  488772ms] TypeError: terminal.ws_ready_state is not a function
    at http://localhost:5191/src/lib/components/AlacrittyTerminal.svelte?t=1778835743683:324:28
[  489023ms] TypeError: terminal.ws_ready_state is not a function
    at http://localhost:5191/src/lib/components/AlacrittyTerminal.svelte?t=1778835743683:324:28
[  489272ms] TypeError: terminal.ws_ready_state is not a function
    at http://localhost:5191/src/lib/components/AlacrittyTerminal.svelte?t=1778835743683:324:28
[  489523ms] TypeError: terminal.ws_ready_state is not a function
    at http://localhost:5191/src/lib/components/AlacrittyTerminal.svelte?t=1778835743683:324:28
[  489773ms] TypeError: terminal.ws_ready_state is not a function
    at http://localhost:5191/src/lib/components/AlacrittyTerminal.svelte?t=1778835743683:324:28
[  490023ms] TypeError: terminal.ws_ready_state is not a function
    at http://localhost:5191/src/lib/components/AlacrittyTerminal.svelte?t=1778835743683:324:28
[  490273ms] TypeError: terminal.ws_ready_state is not a function
    at http://localhost:5191/src/lib/components/AlacrittyTerminal.svelte?t=1778835743683:324:28
[  490523ms] TypeError: terminal.ws_ready_state is not a function
    at http://localhost:5191/src/lib/components/AlacrittyTerminal.svelte?t=1778835743683:324:28
[  490773ms] TypeError: terminal.ws_ready_state is not a function
    at http://localhost:5191/src/lib/components/AlacrittyTerminal.svelte?t=1778835743683:324:28
[  491022ms] TypeError: terminal.ws_ready_state is not a function
    at http://localhost:5191/src/lib/components/AlacrittyTerminal.svelte?t=1778835743683:324:28
[  491273ms] TypeError: terminal.ws_ready_state is not a function
    at http://localhost:5191/src/lib/components/AlacrittyTerminal.svelte?t=1778835743683:324:28
[  491523ms] TypeError: terminal.ws_ready_state is not a function
    at http://localhost:5191/src/lib/components/AlacrittyTerminal.svelte?t=1778835743683:324:28
[  491773ms] TypeError: terminal.ws_ready_state is not a function
    at http://localhost:5191/src/lib/components/AlacrittyTerminal.svelte?t=1778835743683:324:28
[  492023ms] TypeError: terminal.ws_ready_state is not a function
    at http://localhost:5191/src/lib/components/AlacrittyTerminal.svelte?t=1778835743683:324:28
[  492273ms] TypeError: terminal.ws_ready_state is not a function
    at http://localhost:5191/src/lib/components/AlacrittyTerminal.svelte?t=1778835743683:324:28
[  492523ms] TypeError: terminal.ws_ready_state is not a function
    at http://localhost:5191/src/lib/components/AlacrittyTerminal.svelte?t=1778835743683:324:28
[  492772ms] TypeError: terminal.ws_ready_state is not a function
    at http://localhost:5191/src/lib/components/AlacrittyTerminal.svelte?t=1778835743683:324:28
[  493023ms] TypeError: terminal.ws_ready_state is not a function
    at http://localhost:5191/src/lib/components/AlacrittyTerminal.svelte?t=1778835743683:324:28
[  493272ms] TypeError: terminal.ws_ready_state is not a function
    at http://localhost:5191/src/lib/components/AlacrittyTerminal.svelte?t=1778835743683:324:28
[  493523ms] TypeError: terminal.ws_ready_state is not a function
    at http://localhost:5191/src/lib/components/AlacrittyTerminal.svelte?t=1778835743683:324:28
[  493773ms] TypeError: terminal.ws_ready_state is not a function
    at http://localhost:5191/src/lib/components/AlacrittyTerminal.svelte?t=1778835743683:324:28
[  494022ms] TypeError: terminal.ws_ready_state is not a function
    at http://localhost:5191/src/lib/components/AlacrittyTerminal.svelte?t=1778835743683:324:28
[  494272ms] TypeError: terminal.ws_ready_state is not a function
    at http://localhost:5191/src/lib/components/AlacrittyTerminal.svelte?t=1778835743683:324:28
[  494523ms] TypeError: terminal.ws_ready_state is not a function
    at http://localhost:5191/src/lib/components/AlacrittyTerminal.svelte?t=1778835743683:324:28
[  494773ms] TypeError: terminal.ws_ready_state is not a function
    at http://localhost:5191/src/lib/components/AlacrittyTerminal.svelte?t=1778835743683:324:28
[  495022ms] TypeError: terminal.ws_ready_state is not a function
    at http://localhost:5191/src/lib/components/AlacrittyTerminal.svelte?t=1778835743683:324:28
[  495274ms] TypeError: terminal.ws_ready_state is not a function
    at http://localhost:5191/src/lib/components/AlacrittyTerminal.svelte?t=1778835743683:324:28
[  495523ms] TypeError: terminal.ws_ready_state is not a function
    at http://localhost:5191/src/lib/components/AlacrittyTerminal.svelte?t=1778835743683:324:28
[  495773ms] TypeError: terminal.ws_ready_state is not a function
    at http://localhost:5191/src/lib/components/AlacrittyTerminal.svelte?t=1778835743683:324:28
[  496022ms] TypeError: terminal.ws_ready_state is not a function
    at http://localhost:5191/src/lib/components/AlacrittyTerminal.svelte?t=1778835743683:324:28
[  496273ms] TypeError: terminal.ws_ready_state is not a function
    at http://localhost:5191/src/lib/components/AlacrittyTerminal.svelte?t=1778835743683:324:28
[  496523ms] TypeError: terminal.ws_ready_state is not a function
    at http://localhost:5191/src/lib/components/AlacrittyTerminal.svelte?t=1778835743683:324:28
[  496773ms] TypeError: terminal.ws_ready_state is not a function
    at http://localhost:5191/src/lib/components/AlacrittyTerminal.svelte?t=1778835743683:324:28
[  497022ms] TypeError: terminal.ws_ready_state is not a function
    at http://localhost:5191/src/lib/components/AlacrittyTerminal.svelte?t=1778835743683:324:28
[  497273ms] TypeError: terminal.ws_ready_state is not a function
    at http://localhost:5191/src/lib/components/AlacrittyTerminal.svelte?t=1778835743683:324:28
[  497523ms] TypeError: terminal.ws_ready_state is not a function
    at http://localhost:5191/src/lib/components/AlacrittyTerminal.svelte?t=1778835743683:324:28
[  497773ms] TypeError: terminal.ws_ready_state is not a function
    at http://localhost:5191/src/lib/components/AlacrittyTerminal.svelte?t=1778835743683:324:28
[  498023ms] TypeError: terminal.ws_ready_state is not a function
    at http://localhost:5191/src/lib/components/AlacrittyTerminal.svelte?t=1778835743683:324:28
[  498273ms] TypeError: terminal.ws_ready_state is not a function
    at http://localhost:5191/src/lib/components/AlacrittyTerminal.svelte?t=1778835743683:324:28
[  498523ms] TypeError: terminal.ws_ready_state is not a function
    at http://localhost:5191/src/lib/components/AlacrittyTerminal.svelte?t=1778835743683:324:28
[  498773ms] TypeError: terminal.ws_ready_state is not a function
    at http://localhost:5191/src/lib/components/AlacrittyTerminal.svelte?t=1778835743683:324:28
[  499023ms] TypeError: terminal.ws_ready_state is not a function
    at http://localhost:5191/src/lib/components/AlacrittyTerminal.svelte?t=1778835743683:324:28
[  499273ms] TypeError: terminal.ws_ready_state is not a function
    at http://localhost:5191/src/lib/components/AlacrittyTerminal.svelte?t=1778835743683:324:28
[  499523ms] TypeError: terminal.ws_ready_state is not a function
    at http://localhost:5191/src/lib/components/AlacrittyTerminal.svelte?t=1778835743683:324:28
[  499772ms] TypeError: terminal.ws_ready_state is not a function
    at http://localhost:5191/src/lib/components/AlacrittyTerminal.svelte?t=1778835743683:324:28
[  500023ms] TypeError: terminal.ws_ready_state is not a function
    at http://localhost:5191/src/lib/components/AlacrittyTerminal.svelte?t=1778835743683:324:28
[  500273ms] TypeError: terminal.ws_ready_state is not a function
    at http://localhost:5191/src/lib/components/AlacrittyTerminal.svelte?t=1778835743683:324:28
[  500523ms] TypeError: terminal.ws_ready_state is not a function
    at http://localhost:5191/src/lib/components/AlacrittyTerminal.svelte?t=1778835743683:324:28
[  500773ms] TypeError: terminal.ws_ready_state is not a function
    at http://localhost:5191/src/lib/components/AlacrittyTerminal.svelte?t=1778835743683:324:28
[  501023ms] TypeError: terminal.ws_ready_state is not a function
    at http://localhost:5191/src/lib/components/AlacrittyTerminal.svelte?t=1778835743683:324:28
[  501272ms] TypeError: terminal.ws_ready_state is not a function
    at http://localhost:5191/src/lib/components/AlacrittyTerminal.svelte?t=1778835743683:324:28
[  501522ms] TypeError: terminal.ws_ready_state is not a function
    at http://localhost:5191/src/lib/components/AlacrittyTerminal.svelte?t=1778835743683:324:28
[  501773ms] TypeError: terminal.ws_ready_state is not a function
    at http://localhost:5191/src/lib/components/AlacrittyTerminal.svelte?t=1778835743683:324:28
[  502022ms] TypeError: terminal.ws_ready_state is not a function
    at http://localhost:5191/src/lib/components/AlacrittyTerminal.svelte?t=1778835743683:324:28
[  502273ms] TypeError: terminal.ws_ready_state is not a function
    at http://localhost:5191/src/lib/components/AlacrittyTerminal.svelte?t=1778835743683:324:28
[  502523ms] TypeError: terminal.ws_ready_state is not a function
    at http://localhost:5191/src/lib/components/AlacrittyTerminal.svelte?t=1778835743683:324:28
[  502772ms] TypeError: terminal.ws_ready_state is not a function
    at http://localhost:5191/src/lib/components/AlacrittyTerminal.svelte?t=1778835743683:324:28
[  503022ms] TypeError: terminal.ws_ready_state is not a function
    at http://localhost:5191/src/lib/components/AlacrittyTerminal.svelte?t=1778835743683:324:28
[  503273ms] TypeError: terminal.ws_ready_state is not a function
    at http://localhost:5191/src/lib/components/AlacrittyTerminal.svelte?t=1778835743683:324:28
[  503523ms] TypeError: terminal.ws_ready_state is not a function
    at http://localhost:5191/src/lib/components/AlacrittyTerminal.svelte?t=1778835743683:324:28
[  503772ms] TypeError: terminal.ws_ready_state is not a function
    at http://localhost:5191/src/lib/components/AlacrittyTerminal.svelte?t=1778835743683:324:28
[  504023ms] TypeError: terminal.ws_ready_state is not a function
    at http://localhost:5191/src/lib/components/AlacrittyTerminal.svelte?t=1778835743683:324:28
[  504272ms] TypeError: terminal.ws_ready_state is not a function
    at http://localhost:5191/src/lib/components/AlacrittyTerminal.svelte?t=1778835743683:324:28
[  504522ms] TypeError: terminal.ws_ready_state is not a function
    at http://localhost:5191/src/lib/components/AlacrittyTerminal.svelte?t=1778835743683:324:28
[  504773ms] TypeError: terminal.ws_ready_state is not a function
    at http://localhost:5191/src/lib/components/AlacrittyTerminal.svelte?t=1778835743683:324:28
[  505023ms] TypeError: terminal.ws_ready_state is not a function
    at http://localhost:5191/src/lib/components/AlacrittyTerminal.svelte?t=1778835743683:324:28
[  505273ms] TypeError: terminal.ws_ready_state is not a function
    at http://localhost:5191/src/lib/components/AlacrittyTerminal.svelte?t=1778835743683:324:28
[  505523ms] TypeError: terminal.ws_ready_state is not a function
    at http://localhost:5191/src/lib/components/AlacrittyTerminal.svelte?t=1778835743683:324:28
[  505772ms] TypeError: terminal.ws_ready_state is not a function
    at http://localhost:5191/src/lib/components/AlacrittyTerminal.svelte?t=1778835743683:324:28
[  506022ms] TypeError: terminal.ws_ready_state is not a function
    at http://localhost:5191/src/lib/components/AlacrittyTerminal.svelte?t=1778835743683:324:28
[  506272ms] TypeError: terminal.ws_ready_state is not a function
    at http://localhost:5191/src/lib/components/AlacrittyTerminal.svelte?t=1778835743683:324:28
[  506522ms] TypeError: terminal.ws_ready_state is not a function
    at http://localhost:5191/src/lib/components/AlacrittyTerminal.svelte?t=1778835743683:324:28
[  506772ms] TypeError: terminal.ws_ready_state is not a function
    at http://localhost:5191/src/lib/components/AlacrittyTerminal.svelte?t=1778835743683:324:28
[  507023ms] TypeError: terminal.ws_ready_state is not a function
    at http://localhost:5191/src/lib/components/AlacrittyTerminal.svelte?t=1778835743683:324:28
[  507276ms] TypeError: terminal.ws_ready_state is not a function
    at http://localhost:5191/src/lib/components/AlacrittyTerminal.svelte?t=1778835743683:324:28
[  507522ms] TypeError: terminal.ws_ready_state is not a function
    at http://localhost:5191/src/lib/components/AlacrittyTerminal.svelte?t=1778835743683:324:28
[  507773ms] TypeError: terminal.ws_ready_state is not a function
    at http://localhost:5191/src/lib/components/AlacrittyTerminal.svelte?t=1778835743683:324:28
[  508023ms] TypeError: terminal.ws_ready_state is not a function
    at http://localhost:5191/src/lib/components/AlacrittyTerminal.svelte?t=1778835743683:324:28
[  508273ms] TypeError: terminal.ws_ready_state is not a function
    at http://localhost:5191/src/lib/components/AlacrittyTerminal.svelte?t=1778835743683:324:28
[  508522ms] TypeError: terminal.ws_ready_state is not a function
    at http://localhost:5191/src/lib/components/AlacrittyTerminal.svelte?t=1778835743683:324:28
[  508773ms] TypeError: terminal.ws_ready_state is not a function
    at http://localhost:5191/src/lib/components/AlacrittyTerminal.svelte?t=1778835743683:324:28
[  509023ms] TypeError: terminal.ws_ready_state is not a function
    at http://localhost:5191/src/lib/components/AlacrittyTerminal.svelte?t=1778835743683:324:28
[  509273ms] TypeError: terminal.ws_ready_state is not a function
    at http://localhost:5191/src/lib/components/AlacrittyTerminal.svelte?t=1778835743683:324:28
[  509523ms] TypeError: terminal.ws_ready_state is not a function
    at http://localhost:5191/src/lib/components/AlacrittyTerminal.svelte?t=1778835743683:324:28
[  509773ms] TypeError: terminal.ws_ready_state is not a function
    at http://localhost:5191/src/lib/components/AlacrittyTerminal.svelte?t=1778835743683:324:28
[  510022ms] TypeError: terminal.ws_ready_state is not a function
    at http://localhost:5191/src/lib/components/AlacrittyTerminal.svelte?t=1778835743683:324:28
[  510273ms] TypeError: terminal.ws_ready_state is not a function
    at http://localhost:5191/src/lib/components/AlacrittyTerminal.svelte?t=1778835743683:324:28
[  510523ms] TypeError: terminal.ws_ready_state is not a function
    at http://localhost:5191/src/lib/components/AlacrittyTerminal.svelte?t=1778835743683:324:28
[  510772ms] TypeError: terminal.ws_ready_state is not a function
    at http://localhost:5191/src/lib/components/AlacrittyTerminal.svelte?t=1778835743683:324:28
[  511022ms] TypeError: terminal.ws_ready_state is not a function
    at http://localhost:5191/src/lib/components/AlacrittyTerminal.svelte?t=1778835743683:324:28
[  511273ms] TypeError: terminal.ws_ready_state is not a function
    at http://localhost:5191/src/lib/components/AlacrittyTerminal.svelte?t=1778835743683:324:28
[  511523ms] TypeError: terminal.ws_ready_state is not a function
    at http://localhost:5191/src/lib/components/AlacrittyTerminal.svelte?t=1778835743683:324:28
[  511772ms] TypeError: terminal.ws_ready_state is not a function
    at http://localhost:5191/src/lib/components/AlacrittyTerminal.svelte?t=1778835743683:324:28
[  512023ms] TypeError: terminal.ws_ready_state is not a function
    at http://localhost:5191/src/lib/components/AlacrittyTerminal.svelte?t=1778835743683:324:28
[  512272ms] TypeError: terminal.ws_ready_state is not a function
    at http://localhost:5191/src/lib/components/AlacrittyTerminal.svelte?t=1778835743683:324:28
[  512522ms] TypeError: terminal.ws_ready_state is not a function
    at http://localhost:5191/src/lib/components/AlacrittyTerminal.svelte?t=1778835743683:324:28
[  512773ms] TypeError: terminal.ws_ready_state is not a function
    at http://localhost:5191/src/lib/components/AlacrittyTerminal.svelte?t=1778835743683:324:28
